CRATER_ID,LAT_CIRC_IMG,LON_CIRC_IMG,LAT_ELLI_IMG,LON_ELLI_IMG,DIAM_CIRC_IMG,DIAM_CIRC_SD_IMG,DIAM_ELLI_MAJOR_IMG,DIAM_ELLI_MINOR_IMG,DIAM_ELLI_ECCEN_IMG,DIAM_ELLI_ELLIP_IMG,DIAM_ELLI_ANGLE_IMG,LAT_ELLI_SD_IMG,LON_ELLI_SD_IMG,DIAM_ELLI_MAJOR_SD_IMG,DIAM_ELLI_MINOR_SD_IMG,DIAM_ELLI_ANGLE_SD_IMG,DIAM_ELLI_ECCEN_SD_IMG,DIAM_ELLI_ELLIP_SD_IMG,ARC_IMG,PTS_RIM_IMG,LAY_NUMBER,LAY_MORPH1,LAY_MORPH2,LAY_MORPH3,LAY_NOTES,INT_MORPH1,INT_MORPH2,INT_MORPH3,CONF,NOTES,DEG_RIM,DEG_EJC,DEG_FLR
07-0-002189,-25.79349897,332.9794298,-25.79331691,332.9795135,10.87529389,0.295488755,11.19830399,10.49725133,0.348263895,1.066784403,52.36471944,0.000615366,0.000733456,0.092096698,0.090309858,6.27564317,0.03002958,0.012696607,0.92230761,67,,,,,,CpxFF,,,,,2,1,2
04-1-008694,-61.14203907,264.4337634,-61.14036691,264.4159247,25.92227452,0.789579705,26.71540577,23.6860115,0.462527437,1.127898033,71.91869133,0.000815308,0.002871361,0.117787251,0.215007549,2.140349326,0.01715056,0.011382177,0.77364749,184,,,,,,CpxFF,,Floor Deposits,,,2,1,2
15-3-000021,-9.583550999,129.20075,-9.592983701,129.2048119,66.81466174,1.614508764,69.69763325,65.17356505,0.354410148,1.069415693,105.2440532,0.00305898,0.002742576,0.464203256,0.233054601,3.531572716,0.018650631,0.008084242,0.72176313,256,,,,,,CpxUnc,Gullies,Floor Deposits / Channels / Dunes,,,2,1,1
08-1-001103,-45.99249642,290.5235975,-45.99272531,290.5233801,14.15590585,0.468781493,14.94090269,13.26773224,0.459816224,1.126108246,83.78129734,0.000671985,0.00092796,0.094759544,0.09245542,2.740972815,0.016159293,0.010610774,1,106,,Rd,,,There may be a cohesive lobe within the Rd ejecta.,CpxFF,Terraced,Slump Deposits / Floor Deposits,,,2,2,2
16-1-005003,-53.04962437,123.1400317,-53.04967969,123.1400803,13.12829056,0.311614066,13.79760055,12.33072808,0.448692103,1.118960734,71.56532488,0.00033458,0.00057934,0.048478747,0.050649354,1.581445196,0.009621477,0.006048319,1,105,,,,,,CpxFF,,Floor Deposits / Slump Deposits,,,1,1,1
03-1-021519,-33.86897292,235.5901649,-33.86898624,235.590398,14.07322885,0.3303023,14.31470846,13.76585092,0.274252244,1.039870949,75.58075001,0.000578177,0.000713626,0.084276614,0.086568834,7.170937561,0.029048191,0.008957929,1,93,3,Rd/MLERS,HuBL,,,CpxSuPt,Terraced,,,,3,2,3
07-1-005056,-6.275894373,297.1534243,-6.276007109,297.1533917,14.91995802,0.262908683,15.23357416,14.59622294,0.286228416,1.043665489,150.1480872,0.000471894,0.000489403,0.071764058,0.067812382,5.070064866,0.021222055,0.006905325,1,88,2,DLERS,HuSL,,,CpxCPt,Terraced,,,,2,2,3
15-1-037140,-34.61631279,146.4838231,-34.61650241,146.4837524,16.31300488,0.279904215,17.0565354,15.52560475,0.414072837,1.098606828,82.39571611,0.000381981,0.000449238,0.054984948,0.053554958,1.67554571,0.009447195,0.005186883,0.96426684,105,,,,,,CpxFF,Terraced,Tectonics / Slump Deposits / Floor Deposits,,,1,1,1
15-1-044182,-43.68112102,102.9306222,-43.68113733,102.9301345,39.5743239,0.625405935,40.85383325,38.16783107,0.356609948,1.070373456,110.7680223,0.000510022,0.000718012,0.073726599,0.074522241,1.315345842,0.006507487,0.002845855,1,280,,Rd,,,,CpxFF,Gullies,Slump Deposits / Floor Deposits,,,2,2,1
06-0-000000,34.7229812,350.6400744,34.72309567,350.6399288,12.13934174,0.259220193,12.56728963,11.65088289,0.374863536,1.078655562,115.1810814,0.000447832,0.000564967,0.065974164,0.06642883,3.383030424,0.017769732,0.008359926,1,81,,,,,,CpxFF,Gullies,,,,2,1,1
15-1-026668,-24.69249202,162.2057954,-24.69298653,162.2028906,18.76953978,0.24124564,19.04385889,18.12943199,0.306150551,1.050438806,111.5201252,0.000415465,0.000772584,0.059333151,0.104890133,3.576752815,0.01945213,0.006902628,0.78424156,91,,,,,,CpxFF,,Slump Deposits / Floor Deposits,,,1,1,1
15-1-011666,-12.74494013,178.6387951,-12.74080708,178.6585709,39.74710388,0.755051154,40.59636294,36.20947704,0.452155861,1.121152976,94.87317325,0.001292485,0.002313466,0.138478731,0.327399815,2.119700102,0.017003292,0.010834673,0.7271015,163,,,,,,CpxFF,Terraced,Slump Deposits / Floor Deposits,,,2,1,1
14-1-004538,25.49642032,179.4072349,25.49631416,179.4071473,14.5970118,0.295220183,15.25202237,13.90407923,0.411029583,1.096945876,83.53154556,0.000385551,0.000410842,0.054840787,0.053515426,1.941711855,0.010649535,0.005777758,1,87,1,SLEPd,HuAm,,,CpxFF,Terraced,Slump Deposits,,,3,2,3
15-1-020505,-19.39852695,151.9840979,-19.40436596,151.989694,14.51880231,0.32659502,16.23465619,13.76950675,0.529747954,1.179029611,134.9537484,0.002114009,0.000977616,0.251178291,0.104875371,3.062913366,0.023417537,0.020332213,0.71299314,59,,,,,,CpxFF,,Floor Deposits,,,1,1,1
03-2-000593,-26.80994877,194.5325421,-26.81287836,194.5333795,11.89821824,0.452466018,13.14080452,10.40076406,0.611187173,1.263446073,6.927253203,0.000478346,0.000577628,0.074289183,0.072477013,1.179363226,0.009197329,0.011337208,0.86650687,67,,,,,,CpxUnc,,Ejecta Deposits / Floor Deposits,,,1,1,1
11-1-018476,-42.32849758,12.81385039,-42.3284237,12.8141727,15.63534344,0.397473363,16.34616943,14.8188952,0.422062271,1.103062624,95.58446156,0.000508796,0.000678584,0.073147354,0.073953733,2.229881181,0.013052397,0.007393793,1,109,,,,,,CpxFF,,Floor Deposits,,,2,1,2
11-1-000389,-1.970694124,87.24642174,-1.969653508,87.24625559,10.56847338,0.218923686,11.03847764,10.21562127,0.378856013,1.080548833,120.3504421,0.000547416,0.00034934,0.073462901,0.050697,3.748088183,0.01876758,0.00897048,0.82253426,53,,,,,,CpxFF,,Floor Deposits,,,3,2,2
14-1-008113,14.61667202,136.1676791,14.61675668,136.1676039,10.46587734,0.218042729,10.57690751,10.3071971,0.2243872,1.026167192,71.69372681,0.000577387,0.000605298,0.083585336,0.08608905,14.4851976,0.048663397,0.011799263,1,63,2,DLERS,HuSL,,,CpxCPt,Terraced,Slump Deposits,,,4,3,4
10-0-004046,11.7603801,39.24009468,11.76602203,39.23102022,45.38013521,1.392710683,46.16484404,42.97214481,0.365423615,1.074296948,51.32535771,0.001978012,0.002993743,0.229250074,0.457874462,4.031729201,0.02787383,0.012628922,0.74783641,181,,,,,,CpxFF,,Floor Deposits,,,1,1,1
16-1-003917,-50.65624301,100.2455729,-50.65630729,100.2456192,10.42651207,0.130561722,10.57677672,10.28177225,0.234532486,1.028691986,157.2187311,0.000294991,0.000533831,0.048704582,0.042278874,7.445743085,0.024875138,0.006350744,1,84,2,DLERS/DLERSRd,Hu/HuBL,,,CpxFF,,,,,3,2,3
04-1-002394,-47.89312845,232.1804442,-47.88993983,232.1861481,12.80348773,0.216036622,13.21054004,11.72310542,0.460989741,1.126880598,122.2247013,0.000449393,0.000486411,0.03192528,0.061779739,1.534734587,0.009903787,0.006533205,0.72301143,63,,,,,,CpxFF,,Floor Deposits,,,1,1,1
03-1-004218,-12.08463963,199.9450637,-12.08220633,199.9477739,31.41269311,0.745197184,32.54263377,30.43049245,0.354394044,1.069408713,54.56097517,0.002851464,0.001175513,0.300738803,0.203110212,6.651162903,0.028126719,0.012190924,0.75820619,134,,,,,,CpxUnc,,Floor Deposits,,,1,1,1
08-1-008534,-62.02151911,300.1412013,-62.02201026,300.1400143,40.78564336,0.66758733,41.71324943,39.57566211,0.316011993,1.054012674,85.58512195,0.000686307,0.001462139,0.088444388,0.093313002,2.309122048,0.00903227,0.003342243,0.85040724,290,,,,,,CpxUnc,,Floor Deposits,,,1,1,1
15-1-026230,-24.62349633,136.0987225,-24.62389266,136.0982286,32.15347514,0.771185844,33.4286138,30.77492595,0.390468529,1.086228895,122.979091,0.000972064,0.001064467,0.142015798,0.134823463,2.528800223,0.013245923,0.00662876,1,210,,Rd,,,There may be a cohesive lobe within the Rd ejecta.,CpxSuPt,Terraced,Slump Deposits,,,3,2,2
11-0-003056,-23.4437463,3.534758669,-23.44375249,3.534823749,21.2833099,0.423518257,21.60593571,20.90944211,0.2518596,1.033310004,57.29257721,0.000626706,0.000681935,0.091517161,0.090189858,6.087401121,0.022480366,0.006246745,1,136,2,Rd/DLERS,HuSL,,,CpxCPt,Terraced,Floor Deposits / Slump Deposits,,,2,2,2
10-0-009464,28.13509793,1.646935369,28.13506838,1.64696319,20.47764007,0.316902997,20.84371316,20.0692193,0.270062452,1.03859113,42.13416799,0.000569435,0.000670424,0.085131056,0.083540481,5.07223472,0.020018913,0.006056734,1,130,,Rd,,,,CpxFF,Gullies,Slump Deposits,,,1,1,2
11-0-010008,-4.540542789,29.48979963,-4.540390338,29.48989562,13.39309821,0.336107634,13.79668468,12.93954051,0.346978244,1.066242242,178.0118295,0.000605883,0.000628201,0.090257219,0.088020501,4.889675418,0.023925035,0.010062884,1,80,2,DLERS,HuSL,,,CpxFF,,Slump Deposits,,,3,2,3
11-0-008638,-6.671334387,61.72085262,-6.668099515,61.72306477,19.29216993,0.39968958,20.68750331,18.33086332,0.463524916,1.12856132,47.60956206,0.000660289,0.000586806,0.109874686,0.072935618,1.588598752,0.011240831,0.0074894,0.86008239,100,,,,,,CpxFF,Terraced,Floor Deposits,,,1,1,1
10-0-004104,11.07754953,53.42070176,11.07740567,53.42008107,20.02435499,0.666345228,21.03056165,18.99282973,0.429417358,1.107289538,165.1471822,0.000891187,0.001032139,0.137423096,0.127428763,3.345689619,0.017788202,0.010370393,0.91295123,103,,Rd,,,,CpxFF,Gullies,Ejecta Deposits / Floor Deposits,,,1,1,1
08-1-012296,-85.27967449,270.1777809,-85.2792073,270.2068485,13.67960591,0.308261471,14.13982058,12.90804142,0.408215037,1.09542727,88.52408111,0.000595939,0.009036055,0.08522059,0.112497187,3.436884469,0.021631992,0.011607432,0.8205983,66,,,,,,,,Floor Deposits,,,1,1,1
10-0-005500,16.40396512,33.81861315,16.41338509,33.83703404,101.7939382,3.170756866,109.6216314,95.26116626,0.494812589,1.150748366,40.68053353,0.004954412,0.002889942,0.52415228,0.362987641,1.979410858,0.009331027,0.007035764,0.65018278,368,,Rd,,,,CpxUnc,Gullies,Ejecta Deposits / Slump Deposits / Floor Deposits / Fractured,,,1,1,1
03-1-019173,-30.15100743,237.5873225,-30.15088306,237.5877281,20.35252893,0.430183187,20.48197781,20.15792512,0.177179006,1.016075697,2.925921959,0.00077346,0.000952123,0.121185998,0.112037849,16.48383971,0.044378719,0.008248315,1,132,2,Rd/DLERS,HuSp,,,CpxCPt,Terraced,,,,3,2,3
16-1-007595,-59.9670953,92.06052231,-59.96721883,92.06055156,11.72004506,0.377533437,12.35111208,10.81363933,0.483182807,1.14217903,75.60034149,0.000400444,0.000885761,0.057918647,0.067410893,1.823798032,0.012375271,0.008909816,0.97189838,105,,,,,,CpxUnc,,Floor Deposits,,,2,1,1
06-0-001937,17.55962677,352.6003338,17.55965689,352.6002357,12.76331133,0.271818473,13.14058744,12.36114544,0.339282897,1.063055807,141.4331052,0.000544833,0.000576367,0.08220921,0.077865505,4.687765221,0.023154855,0.009437831,1,80,,,,,,CpxFF,,Floor Deposits,,,1,1,2
11-1-015468,-33.85804195,65.95968228,-33.85794184,65.95984585,25.16267123,0.506891573,26.19031043,24.14480882,0.387431401,1.08471807,44.48523472,0.000517297,0.000636791,0.079032502,0.073498129,1.716936438,0.00940272,0.004649422,1,167,,Rd,,,,CpxCPk,Terraced,Slump Deposits,,,2,2,2
15-1-001124,-2.720835853,156.7955708,-2.720936066,156.7956038,13.9047934,0.317925596,14.41344955,13.3901088,0.370077253,1.076425125,155.5855509,0.000445894,0.000471871,0.068742825,0.064601359,3.023232672,0.015820778,0.007302502,1,87,,Rd,,,,CpxUnc,Terraced,Fractured / Floor Deposits,,,3,2,1
10-1-005533,26.98636585,89.04817054,26.98496572,89.04642657,11.20934709,0.208146627,11.63107091,10.52700987,0.425248617,1.104878884,136.5411307,0.000412795,0.000496906,0.056818781,0.073129885,2.326835726,0.016359322,0.009383227,0.8211416,56,1,SLEPS,HuBL,,,CpxFF,,Floor Deposits,,,3,2,1
10-0-005658,17.37701049,0.511343937,17.37699236,0.511334486,10.85005528,0.179674219,11.10922876,10.58302173,0.304121218,1.049721814,178.5390459,0.000354724,0.000388985,0.05377527,0.051413438,4.684714938,0.020464638,0.007199021,1,67,1,SLERS,HuBL,,,CpxSuPt,,Slump Deposits,,,4,3,4
11-0-003685,-20.93887444,38.43267598,-20.93891425,38.43253139,37.53942777,0.539255247,37.96461873,37.05806505,0.217227107,1.02446306,178.9444831,0.000723864,0.000797726,0.107861248,0.104599123,5.51861456,0.017566242,0.004102814,0.98764533,231,,,,,,CpxFF,,Ejecta Deposits / Floor Deposits,,,1,1,1
14-1-007960,14.69053679,113.1831345,14.69030315,113.1830884,12.38873643,0.33426574,12.8878567,11.83616326,0.395661167,1.088854253,35.93284016,0.000686437,0.000699971,0.099645914,0.0955165,4.459597155,0.023824513,0.012169051,0.94318426,71,1,Rd/SLERS,HuSL,,,CpxCPk,Terraced,Slump Deposits,,,3,2,3
06-1-007646,23.33376013,338.977258,23.33397402,338.9770763,13.18356305,0.31878644,13.43910436,12.85903904,0.290623461,1.045109539,154.6854726,0.000775672,0.00087037,0.115346114,0.113989787,9.162617572,0.038870394,0.012895407,0.91568923,71,,Rd,,,There may be a cohesive lobe within the Rd ejecta.,CpxCPk,Terraced,Slump Deposits / Ejecta Deposits,,,2,2,3
06-1-004827,32.26185301,346.0942999,32.26313536,346.0933054,22.71389871,0.606617586,23.62271069,21.76385833,0.388826982,1.085410056,100.9963295,0.001146738,0.001261531,0.17382935,0.157558548,3.81717119,0.022534585,0.011204371,0.87675774,108,,,,,,CpxUnc,,Slump Deposits / Floor Deposits,,,1,1,1
10-1-005699,27.1126965,57.41430021,27.11274887,57.41433128,15.11329908,0.275557562,15.73940555,14.48850197,0.390685807,1.086337676,45.02380734,0.000370347,0.000423877,0.055457357,0.052228623,2.044922292,0.010933072,0.005476012,0.96548682,90,,,,,,CpxFF,,Floor Deposits,,,1,1,1
10-0-006110,18.30332635,48.8884657,18.3034455,48.8884865,33.7195561,0.311266466,33.77857705,33.6234025,0.095742601,1.004615076,146.6709797,0.000485505,0.000487087,0.066688484,0.07321374,20.13477498,0.030418006,0.002952807,0.92889345,193,,Rd,,,,CpxUnc,Terraced,Ejecta Deposits / Floor Deposits,,May be CpxCPk,2,2,1
03-1-019563,-31.11400531,249.3163645,-31.188287,249.2656288,53.56073685,2.222332938,56.30028817,39.38287064,0.714618358,1.429562834,145.8179542,0.002767662,0.00237931,0.269374668,0.434949795,0.719121919,0.008241413,0.017206224,0.71833628,221,,,,,,CpxUnc,,Ejecta Deposits / Floor Deposits,,,1,1,1
11-1-007017,-18.70397502,62.6580115,-18.70416497,62.65823871,52.09401952,1.146209617,54.43043724,49.68284206,0.408458634,1.095558043,85.14996062,0.000818596,0.000814059,0.118263266,0.112761452,1.130976073,0.006408905,0.003442216,1,318,,Rd,,,,CpxCPk,Terraced / Gullies,,,,3,2,3
11-0-004948,-16.0627155,8.098096634,-16.06273621,8.09812352,11.82218848,0.257126163,12.38377134,11.25625188,0.416901107,1.100168286,56.10706068,0.000315141,0.000318969,0.046445908,0.043885582,1.861715409,0.010721069,0.005951802,1,73,,,,,,CpxUnc,,Floor Deposits,,,1,1,1
15-1-043792,-42.46608279,144.9729597,-42.46632371,144.9732993,10.5717024,0.237806032,10.79338986,10.27141682,0.307216764,1.050818017,86.36125487,0.000625946,0.000859466,0.089410708,0.092285589,8.201709191,0.036024507,0.012841788,1,78,,,,,,CpxFF,,Floor Deposits,,,1,1,1
03-1-015461,-26.39660343,201.0924395,-26.39625547,201.0922286,13.81113724,0.414872558,15.04454116,12.54291044,0.552189883,1.199445793,113.2331602,0.000648355,0.000663289,0.095733945,0.086476078,1.638417145,0.011810124,0.011253426,1,90,,Rd,,,There may be a cohesive lobe within the Rd ejecta.,CpxUnc,,Floor Deposits,,,1,2,1
10-0-000764,9.832615467,0.024942119,9.836014332,0.029253745,40.98420604,0.84519953,41.45031488,39.72108905,0.285824565,1.0435342,133.4511583,0.00125079,0.001552931,0.140617118,0.258331664,4.348040572,0.023566873,0.007654584,0.75979346,178,,,,,,CpxFF,,Slump Deposits / Floor Deposits,,,2,1,1
04-1-003682,-50.28322654,214.6310908,-50.28368194,214.6313929,46.85723655,1.110669444,47.59318167,46.01298884,0.255542149,1.034342321,149.5062392,0.000947865,0.001615793,0.147147241,0.13938146,4.266095982,0.015831981,0.004477037,1,362,,Rd,,,,CpxCPk,,Slump Deposits / Floor Deposits,,,3,1,2
12-3-000036,-49.209792,62.97090122,-49.2059291,62.9648453,16.46437331,0.290289564,17.55314691,16.13318706,0.394012427,1.088014838,140.7509981,0.001078275,0.001285495,0.168849583,0.060040038,3.225730621,0.022113279,0.011221929,0.73976833,85,,,,,,CpxUnc,,Floor Deposits,,,1,1,1
11-3-000188,-41.13417257,36.45372692,-41.12476971,36.49848066,60.34280648,1.383754716,63.0729042,52.80428483,0.546905354,1.194465646,95.12266567,0.001308138,0.002183986,0.124862707,0.234523902,0.86202801,0.006231739,0.005808211,0.67161179,237,,,,,,CpxUnc,,Floor Deposits,,,2,1,1
07-1-000173,-0.003135328,294.1462553,-0.003273115,294.1460821,29.52906714,0.566417261,30.43404635,28.58406872,0.343333521,1.064720584,70.57932924,0.000643766,0.00062136,0.093753377,0.090301701,2.307277636,0.011336944,0.004698066,1,177,2,DLERS,HuSL,Inner is Small-Crown,Ejecta is partially buried by deposits.,CpxCPt,Terraced,Slump Deposits,,,3,2,3
10-0-005528,16.11372376,27.48179469,16.11382749,27.4816967,15.92104895,0.240262839,16.32310379,15.50652279,0.312329256,1.052660485,75.3748848,0.000416988,0.000416165,0.060851754,0.058416356,3.358556661,0.015313794,0.005579052,1,103,3,Rd/MLERS,HuSL,,,CpxSuPt,Terraced,Slump Deposits,,,3,2,4
10-0-006199,18.65750338,34.83828552,18.65604134,34.83906564,14.12006433,0.123491444,14.49191004,13.91980065,0.278203506,1.041100401,114.0818604,0.001103541,0.000373617,0.116204841,0.065349768,7.614537781,0.030814448,0.00967375,0.70451945,53,,,,,,CpxUnc,,Floor Deposits,,,1,1,1
16-1-009357,-62.92931651,121.0260895,-62.92252846,121.0139429,21.75383647,0.337531485,22.36966078,20.18355337,0.431164042,1.108311325,26.85813291,0.000750465,0.002429619,0.077705514,0.145090963,2.318324759,0.015074656,0.008848614,0.70290911,143,2,DLERS,HuSL/HuBL,,,CpxFF,,Floor Deposits / Slump Deposits,,,3,2,2
07-1-005747,-7.823524708,334.1821714,-7.823128363,334.1863187,24.92120215,0.449681971,26.48155106,23.88512924,0.431833042,1.108704533,13.08437199,0.000330965,0.000470416,0.071090721,0.048800584,0.942123022,0.006355439,0.003740321,0.87017614,126,,,,,,CpxUnc,,Ejecta Deposits / Floor Deposits,,,1,1,1
15-1-040967,-39.17592651,125.7254037,-39.1759753,125.7252651,20.32240828,0.326811035,20.65278118,19.95752835,0.257282939,1.03483662,48.25565884,0.000446046,0.000603742,0.067368668,0.067008524,4.381340325,0.016990351,0.004844274,0.98367423,140,,Rd,,,,CpxFF,,Floor Deposits,,,1,2,1
11-0-001760,-30.37357024,20.19030733,-30.37356306,20.19032974,13.63922526,0.363017139,14.0747898,13.17875795,0.351100405,1.067990615,4.362510392,0.000600735,0.000745525,0.092275167,0.085965652,4.78563656,0.023093952,0.009877156,1,90,,,,,,CpxFF,,Ejecta Deposits / Floor Deposits,,,1,1,1
07-0-000281,-4.576035992,352.5528972,-4.575910202,352.5530603,21.11399616,0.403975993,22.1275752,20.07968296,0.420158637,1.101988276,40.87785016,0.000535316,0.000539273,0.079382619,0.074948097,1.794235866,0.010146492,0.005705059,1,126,1,SLERS,HuSL,,,CpxFF,,Floor Deposits / Slump Deposits,,,2,2,1
15-1-036930,-33.94864107,131.6303819,-33.94790049,131.5970361,18.8823308,0.66314144,19.09848473,14.66347084,0.640711291,1.302453214,94.08770481,0.001488618,0.003937812,0.161551802,0.42525569,2.63237459,0.027794347,0.039346423,0.67606819,70,,,,,,CpxUnc,,Slump Deposits / Floor Deposits / Channels,,,1,1,1
11-0-000536,-37.57650208,25.78707059,-37.57655158,25.78699618,11.39388672,0.262339596,11.73510713,11.02020534,0.343698418,1.064871911,143.4186533,0.000563656,0.000756968,0.087321518,0.082226833,5.466743445,0.027037877,0.011221276,1,78,,,,,,CpxFF,,Slump Deposits,,,1,1,1
14-1-009703,10.68496032,113.4429529,10.6849673,113.4429234,12.81449759,0.252471676,13.23990707,12.36627647,0.357232868,1.070646213,72.18536618,0.000416596,0.00041165,0.059637379,0.058071254,3.249206652,0.01589051,0.006966702,1,74,1,SLERS,HuBL,,,CpxCPk,Gullies / Terraced,Slump Deposits,,,4,3,4
14-1-013454,0.594135579,139.3023236,0.594199965,139.3022987,13.97294781,0.2520475,14.68676832,13.26816699,0.42877868,1.106917657,33.61355964,0.000377164,0.000382405,0.057547202,0.05335076,1.793317862,0.010686552,0.006214651,0.9612574,78,2,DLERS,HuBL,,,CpxFF,Gullies,Floor Deposits,,,4,3,3
06-1-017116,2.459090993,319.0082001,2.456531643,319.0091702,10.05779476,0.313746356,10.7588138,9.173348232,0.522505927,1.172833902,7.96178108,0.001430969,0.001195733,0.142535242,0.148984097,4.964384984,0.029161432,0.024581569,0.65073615,36,1,SLERS,HuBL,Butterfly,,CpxFF,Terraced,Floor Deposits,,,2,2,1
11-1-008539,-20.47144707,87.00119727,-20.47069028,87.00137268,31.31164859,0.489702281,32.20170819,30.43843818,0.326367483,1.057929056,93.18671811,0.000611802,0.000598554,0.089657444,0.081698587,2.224078626,0.010587431,0.004091355,0.94794941,180,,,,,,CpxFF,Channel W / Channel SE,Floor Deposits / Valley Deposits,,,1,1,1
07-0-002257,-27.0854006,341.6945256,-27.08570826,341.6931248,65.79616569,1.135149029,67.99661994,63.7101361,0.34943572,1.067281034,43.36193149,0.000719812,0.000900173,0.113446503,0.103118287,1.238126343,0.005839901,0.0024809,0.9343757,410,,,,,,CpxUnc,,Floor Deposits,,,1,1,1
07-1-023812,-37.1198249,309.4079769,-37.1199702,309.4077778,57.18026397,0.813165021,57.74225843,56.54979681,0.202179194,1.02108693,132.0933825,0.000681956,0.000893536,0.101415517,0.100731066,3.977964918,0.011867143,0.002554293,1,381,,Rd,,,There may be a cohesive lobe within the Rd ejecta.,CpxFF,Terraced / Gullies,Slump Deposits / Floor Deposits Dunes,,,2,2,2
07-1-015814,-23.6778123,315.0936869,-23.67819466,315.0937376,16.20752694,0.473682149,17.12036885,15.22371213,0.457486895,1.124585693,66.18793177,0.000652005,0.000695326,0.093926352,0.089959099,2.353977646,0.013936343,0.009067867,1,99,,,,,,CpxFF,,Floor Deposits,,,1,1,1
06-1-013503,8.916036166,303.6743147,8.916040323,303.6741795,14.88052575,0.369655925,15.22232573,14.45272021,0.313941534,1.053249873,78.30999393,0.000893781,0.000885654,0.131229008,0.12942439,7.595581451,0.03569177,0.013092154,0.94690841,75,,,,,,CpxFF,,,,,1,1,1
03-1-015691,-26.56921534,220.9609615,-26.56907298,220.9564337,17.9561198,0.516267285,18.83895843,16.42226174,0.490007643,1.147159796,71.59022113,0.000779325,0.001242751,0.112917585,0.156085643,2.644510026,0.017425506,0.01289021,0.74576747,86,,,,,,CpxFF,,Floor Deposits,,,2,1,1
09-1-002136,51.71147362,24.89113658,51.71116977,24.89047223,12.63859477,0.591740539,13.79984986,11.45899857,0.557210542,1.204280617,13.35762955,0.000507716,0.000922692,0.082699161,0.072113397,1.565283001,0.010753453,0.010465268,0.98372728,180,,Rd,,,,CpxUnc,,Floor Deposits,,,2,2,1
11-0-000944,-35.08855916,26.60171395,-35.08839625,26.60176312,47.53534389,0.789587198,48.60938086,46.33131225,0.302544673,1.049169093,63.32143278,0.000717176,0.000898755,0.104284676,0.105230685,2.184281766,0.009381484,0.003277914,1,327,,,,,,CpxFF,,Slump Deposits / Floor Deposits,,,2,1,2
06-1-001981,37.64146795,354.0833677,37.64021378,354.0927306,13.2284989,0.349429748,13.68819693,11.78127792,0.509131391,1.161860116,70.13234872,0.000474259,0.001479922,0.070212991,0.148411443,2.520909977,0.019790192,0.015803068,0.72001034,54,,,,,,CpxUnc,,Ejecta Deposits,,,2,1,1
03-1-028055,-40.53786131,221.0470098,-40.53754464,221.0466654,32.51271937,0.772240412,33.43311212,31.33722104,0.348494249,1.066881842,98.41733608,0.001046082,0.001392214,0.149989996,0.15496415,3.396701264,0.016832263,0.007123396,0.9855848,220,,Rd,,,,CpxFF,,Floor Deposits,,,2,2,2
09-1-000147,73.01213731,21.94337136,73.01223651,21.94295315,12.55398617,0.209379357,12.80410512,12.25991212,0.288438073,1.044388002,54.76092904,0.000345515,0.001090653,0.046925419,0.04873133,4.169520695,0.017184763,0.005646532,0.91246575,140,2,DLERC/DLERS,HuSL/HuBL,,,CpxFF,,Floor Deposits,,,3,2,3
07-1-026161,-41.02370281,347.8389058,-41.02223666,347.8396065,11.33451158,0.182256195,11.97059485,10.86961837,0.418912545,1.101289341,57.68004968,0.000395432,0.000325356,0.050737306,0.035152778,2.024621928,0.010493376,0.005871417,0.8150124,62,,,,,,CpxUnc,,Floor Deposits,,,1,1,1
10-0-011155,33.75285972,34.83444756,33.74692424,34.82356742,22.02662487,0.248382542,22.21324682,20.3261002,0.403353835,1.092843517,120.3697603,0.000789516,0.001127945,0.05091842,0.161725644,1.763020772,0.017188454,0.009048924,0.69195056,90,,Rd,,,,CpxUnc,,Slump Deposits,,,2,2,1
10-0-011202,32.87287289,13.7974864,32.87289641,13.79759054,17.13237022,0.293896111,17.55130078,16.64541619,0.317116861,1.054422466,83.21350338,0.00045564,0.000550931,0.065479305,0.067706643,3.441119394,0.015654614,0.005819768,1,110,2,Rd/DLERS,HuBL,,,CpxFF,,Ejecta Deposits,,,2,2,1
07-0-002202,-25.69140392,331.7286621,-25.69502493,331.7348956,15.48001602,0.345346515,15.59787349,14.39828362,0.384577447,1.083314783,57.06083155,0.001276321,0.001862484,0.09232949,0.281925321,4.781021606,0.045323182,0.022159921,0.69828051,64,,,,,,CpxUnc,Channel NE,Floor Deposits / Channel,,,1,1,1
11-0-006545,-11.32876272,75.26668524,-11.32853641,75.26680968,16.86556138,0.364367151,17.53517544,16.15802352,0.388465033,1.085230221,31.31572371,0.000540552,0.000567904,0.080753492,0.077591322,2.717738875,0.01454278,0.007220462,1,104,2,DLERS,HuBL,,,CpxUnc,,Slump Deposits / Floor Deposits,,,3,2,3
16-1-000180,-45.26427208,114.1456989,-45.26435135,114.1453407,21.31334941,0.472700413,21.8051699,20.73254687,0.309778427,1.051736192,100.8742066,0.000660976,0.000935166,0.094697325,0.094528993,4.230626218,0.018376064,0.006622533,1,162,,Rd,,,,CpxFF,,Floor Deposits / Slump Deposits,,,1,1,1
13-1-001738,51.03793561,170.654074,51.03799196,170.6541495,14.05468073,0.2528714,14.2474926,13.83092098,0.24004501,1.030118863,41.17777114,0.000308617,0.000486929,0.043935888,0.044168483,5.100748622,0.017428156,0.004573052,1,183,3,Rd/MLERC/MLERS/MLERS,HuSL/HuSL/HuBL,,,CpxFF,,Slump Deposits,,,4,3,4
10-1-002667,35.98063735,23.30086997,35.97973913,23.29973011,11.26257102,1.242531572,15.38310189,7.360101955,0.878112784,2.090066413,55.05578229,0.000705811,0.000773906,0.111246809,0.072360694,0.514370098,0.003181698,0.025508767,1,75,,,,,,CpxFF,Terraced,Slump Deposits,,,1,1,1
04-1-006371,-55.60524318,236.5534482,-55.60665875,236.5603932,25.70892661,0.57950567,26.62788729,23.96457592,0.435930418,1.111135344,85.38920133,0.000405731,0.000918695,0.054183065,0.079618217,1.156346468,0.007238718,0.004328921,0.82387769,170,,,,,,CpxUnc,,Ejecta Deposits / Floor Deposits,,,1,1,1
10-0-003071,6.90780634,50.99980262,6.911597968,51.01367873,16.32795252,0.263316544,16.42045498,14.23590587,0.498374737,1.153453467,109.8953702,0.00049289,0.00152012,0.060100212,0.20083883,1.925321863,0.021981178,0.016811529,0.68706447,56,,Rd,,,,CpxFF,,Floor Deposits,,,2,2,1
16-1-004203,-52.19879181,131.2895502,-52.19626152,131.2884167,14.4101543,0.367402184,15.10884028,13.4578624,0.454537328,1.122677572,32.32398643,0.00060473,0.000783469,0.070215316,0.082415968,2.218741599,0.013418903,0.008630813,0.82853711,88,,,,,,CpxUnc,,Floor Deposits,,,1,1,1
11-0-000648,-35.72955761,33.71540756,-35.72850255,33.7160934,19.83916167,0.338854406,20.29957121,19.24731728,0.317782204,1.054670161,168.7887718,0.000528149,0.000676541,0.064937581,0.078503309,3.641532307,0.014664311,0.005466901,0.81703413,109,,,,,,CpxFF,,,,,2,1,2
04-1-010034,-66.67197732,254.458817,-66.67245401,254.4582215,51.8816058,1.198205426,52.83125272,50.75177684,0.277798784,1.04097346,60.0186152,0.001196118,0.00299368,0.174964139,0.170928298,3.870372878,0.01569085,0.00491695,1,324,1,Rd/SLERS,HuBL,,,CpxCPt,Terraced,Dunes / Slump Deposits / Floor Deposits,,,3,2,2
10-0-005518,16.51524336,29.18489224,16.51200103,29.18419953,13.09429611,0.224519794,13.3423907,12.40092941,0.368977478,1.075918607,176.4522026,0.000788169,0.000524069,0.057511629,0.116308829,3.803335738,0.024166323,0.011105771,0.73706323,58,1,SLEPC,SmSL,,,CpxFF,Gullies,Tectonics,,,1,2,1
03-1-009507,-19.93674159,183.5863561,-19.93717211,183.5873735,18.45874571,0.513700335,19.22924194,17.45667552,0.419361723,1.101540893,91.37233113,0.000879898,0.001010861,0.118734068,0.132230654,3.672431616,0.019205274,0.010764929,0.85121739,95,,,,,,CpxFF,,Floor Deposits / Slump Deposits,,,1,2,1
14-1-001568,34.22383598,171.0204662,34.2234146,171.020494,15.35505413,0.2159506,15.59758396,15.0610167,0.260034466,1.035626231,176.0932238,0.000473889,0.00054819,0.066478045,0.070211963,5.657807271,0.022648445,0.006541516,0.89611351,88,1,SLEPS,SmSL,,,CpxFF,,Floor Deposits,,,2,2,1
11-0-009374,-6.330751242,70.5809045,-6.331159581,70.58100525,21.33249744,0.824579173,22.63788844,19.91456364,0.475528007,1.136750413,92.02468793,0.001167445,0.001071464,0.166967998,0.153953049,2.789506932,0.017388256,0.012145838,0.97925264,124,,,,,,CpxFF,,Floor Deposits,,,1,1,1
15-1-027091,-26.23850783,173.4129101,-26.23744455,173.4111258,27.6204881,0.420919796,27.98695023,26.96149329,0.268213625,1.03803413,70.89724708,0.000727819,0.000870075,0.085135955,0.124717783,4.765979994,0.01915674,0.005746949,0.80941731,143,,Rd,,,There may be a cohesive lobe within the Rd ejecta.,CpxCPt,Terraced,Slump Deposits / Floor Deposits,,,3,2,3
10-1-010617,2.453432758,84.76845628,2.434228058,84.77708949,55.33188006,1.271827171,58.31763194,49.86353657,0.518572551,1.16954464,19.54581497,0.000578057,0.000504345,0.069937601,0.094229867,0.381278208,0.00315536,0.002617634,0.80769944,235,,,,,,CpxFF,Channel N / Terraced / Gullies,Channel / Ejecta Deposits / Floor Deposits,,,1,1,1
11-0-011630,-0.180699329,10.55365929,-0.180866692,10.55353635,12.02636974,0.289464588,12.62827102,11.43252162,0.424747819,1.104591921,84.85409537,0.000483092,0.000440202,0.0705374,0.064570273,2.577930706,0.015327684,0.008774316,1,70,,,,,,CpxFF,,Floor Deposits,,,1,1,1
03-1-001484,-6.16703693,210.7750466,-6.172915436,210.7810687,14.52919019,0.255436069,14.57372062,13.28730721,0.410788623,1.096815208,46.17286505,0.001445886,0.0014117,0.072524271,0.266663013,3.714397319,0.041840566,0.022678605,0.67398268,52,,,,,,CpxFF,,Floor Deposits,,,1,1,1
15-1-042297,-41.0726186,121.3165436,-41.07268039,121.3161468,17.47323158,0.391561417,17.95473615,16.99128942,0.323171996,1.056702391,160.314927,0.000539747,0.000802527,0.088144615,0.078054873,4.025510409,0.018631579,0.00710463,0.95512003,119,,,,,,CpxFF,,Ejecta Deposits / Floor Deposits,,,2,1,1
15-1-035647,-33.6578249,157.4646682,-33.65559214,157.468896,16.73881624,0.642380698,18.04595663,15.14905671,0.543404537,1.191226422,97.16259033,0.001839622,0.002447907,0.229030858,0.209059372,4.027262332,0.024314354,0.022334125,0.71726829,76,,,,,,CpxFF,,Slump Deposits / Floor Deposits,,,1,1,1
15-1-022080,-21.10203638,118.0732275,-21.10139446,118.0729198,24.45273789,0.568530535,25.33207502,23.45769673,0.377504603,1.079904618,49.23748687,0.000996565,0.000808075,0.114429823,0.119227353,3.497558287,0.015445724,0.007343223,0.85069978,131,,,,,,CpxFF,Terraced,Ejecta Deposits / Slump Deposits / Floor Deposits,,,1,1,1
03-1-023333,-36.01214095,237.8642201,-36.01211163,237.864207,10.9269187,0.246875118,11.21253609,10.62069197,0.32059651,1.055725571,42.52366988,0.000432659,0.000569479,0.066802366,0.064107755,5.041927216,0.023735343,0.008953801,1,72,1,SLERS,HuSL,,,CpxFF,,Floor Deposits,,,3,2,4
11-0-008195,-8.764578915,49.62709809,-8.764673095,49.62696412,14.57103714,0.328122673,14.72101881,14.36897237,0.217387167,1.02450046,148.8492676,0.000665047,0.000671839,0.097136783,0.09493202,12.83504592,0.040923557,0.009566295,1,90,2,DLERS/Rd,HuSL,,,CpxSuPt,Terraced,Floor Deposits,,,3,2,3
11-0-004577,-17.61096188,25.71468368,-17.61105426,25.71464082,13.37782058,0.40817124,14.00697842,12.6981714,0.422076194,1.103070511,56.64994195,0.000752709,0.0007692,0.111990874,0.104757857,3.801330398,0.022369999,0.012672627,1,83,,,,,,CpxUnc,,Floor Deposits,,,1,1,1
04-1-008956,-61.26410793,198.8073477,-61.26433472,198.8143223,28.83999748,0.43928425,30.0117014,28.28654878,0.334157262,1.060988445,1.933481707,0.000398426,0.00139666,0.109303725,0.058064718,1.820432706,0.011114129,0.004435661,0.83603179,232,,Rd,,,There may be a cohesive lobe within the Rd ejecta.,CpxFF,,Dunes / Slump Deposits,,,2,1,2
04-1-007760,-58.061409,231.687052,-58.06313192,231.6611538,24.40202532,0.534019221,27.12462735,23.74206317,0.483588522,1.142471367,9.782483067,0.000583485,0.003280563,0.265394563,0.075629024,1.457963382,0.016301895,0.011755742,0.76267004,160,,Rd,,,,CpxFF,,Slump Deposits,,,3,2,3
05-1-002558,48.61463702,290.6040582,48.61482028,290.604019,13.6185834,0.411097535,13.96023217,13.18293993,0.329025701,1.058961979,64.17286761,0.000541054,0.000823902,0.07972804,0.079408142,4.641644737,0.022496657,0.008790001,1,185,1,SLEPS,HuAm,,,CpxFF,,,,,3,2,3
07-0-001578,-20.5279909,342.748861,-20.52781406,342.7487251,33.35137913,0.558935893,34.13203552,32.53492304,0.302315827,1.049089173,125.7597381,0.000584102,0.000625284,0.086701698,0.08408276,2.458933059,0.010891129,0.00380164,1,210,2,DLERS,HuBL,,,CpxCPt,Terraced,Slump Deposits,,,3,2,3
11-0-001198,-34.53497741,11.85316968,-34.53521417,11.85311358,35.9913646,0.820666694,37.29347193,34.56630327,0.37537566,1.078896741,64.26537275,0.000698671,0.000855519,0.101668514,0.100632906,1.761651513,0.009128046,0.004303121,1,241,,,,,,CpxUnc,Channel N,Channels / Floor Deposits,,,1,1,1
03-1-008518,-17.42093973,216.9443398,-17.41106424,216.9761285,36.52732597,0.707615818,36.56979202,31.88091907,0.489892425,1.147074585,104.1154639,0.002115459,0.003753708,0.15247211,0.523535266,2.230636663,0.026284287,0.019434434,0.67144173,125,,,,,,CpxUnc,,Floor Deposits,,,1,1,1
16-1-006412,-55.85359633,94.22750661,-55.85605071,94.22144103,17.55550881,0.351350937,18.879539,16.65910537,0.470519841,1.133286487,53.25443765,0.000314865,0.000739186,0.063284178,0.038213632,1.039286518,0.006721312,0.004603108,0.81500703,121,,,,,,CpxFF,,Floor Deposits / Slump Deposits,,,2,1,2
10-0-004417,12.20768332,25.02953328,12.2075409,25.02927738,40.65561496,1.156542793,42.38188557,38.8422884,0.400073049,1.091127411,114.640598,0.001145792,0.001127819,0.169431131,0.157212031,2.137162639,0.011943684,0.006207318,1,255,,,,,,CpxCPk,Gullies,Slump Deposits / Floor Deposits,,,1,1,2
02-1-001059,37.27769234,260.363325,37.27768266,260.3630501,18.66267351,0.250795294,19.03458653,18.29294018,0.276420082,1.040542763,9.617556114,0.000504343,0.000687664,0.08110709,0.073590051,4.745641711,0.01957988,0.006097607,0.9408347,95,2,DLEPS,HuBL,,,CpxCPt,Terraced,,,,3,2,3
11-0-008055,-8.418667224,22.99333426,-8.428845395,22.99766204,10.58123374,0.191148193,10.68019204,8.945835017,0.546268787,1.193873129,18.00825774,0.000722688,0.000549488,0.036974011,0.112139846,1.470359291,0.01670233,0.015525943,0.65890747,37,,,,,,CpxUnc,,Floor Deposits,2,,1,1,1
11-0-006709,-12.00562605,47.76841415,-11.99916449,47.77840334,54.63806679,1.267060129,56.05771152,51.56457037,0.392275121,1.087136208,110.7474017,0.001649842,0.001771186,0.174531362,0.291996912,2.342983025,0.013938687,0.007025294,0.78246874,261,,,,,,CpxFF,,Floor Deposits / Tectonics,,,1,1,1
14-1-011263,6.953694062,142.2065894,6.953819671,142.2066178,16.05941576,0.267981427,16.21842247,15.86841452,0.2066302,1.022056894,103.1552433,0.000532299,0.000530722,0.077492608,0.076609686,10.23710524,0.031469049,0.006942288,1,92,2,DLERS,HuBL,,,CpxCPk,Gullies / Terraced,Slump Deposits,,,4,2,3
06-1-015574,4.713177479,320.1492552,4.713503193,320.1491568,19.72510989,0.37936109,20.15843572,19.22693432,0.300470882,1.048447734,166.1273278,0.000740164,0.000712649,0.101319478,0.102552994,5.550816988,0.022189078,0.007683905,0.9011355,95,,,,,,CpxFF,Terraced,,,,1,1,1
15-1-016691,-16.4682554,110.2826678,-16.46815351,110.2826544,11.78556882,0.114151613,11.87521401,11.67672386,0.182071243,1.016998788,34.17463189,0.000297093,0.000289856,0.040282697,0.042919358,9.889770193,0.026560486,0.00508673,0.91604602,68,2,DLERS,HuSL,,,CpxCPt,Terraced,,,,3,2,4
07-1-026748,-42.78244113,286.659561,-42.78260576,286.6596079,11.24066332,0.20849134,11.62546718,10.78636212,0.373023685,1.077793147,91.88312272,0.000301943,0.000417917,0.043469959,0.045724743,2.427581281,0.013044892,0.006092326,0.97571319,80,,,,,,CpxFF,,Floor Deposits,,,1,1,1
16-1-010736,-65.14184179,145.3525567,-65.1436942,145.2741918,21.79644919,0.676560977,26.93614506,21.16998347,0.618312699,1.272374402,3.277693621,0.001194406,0.012739133,0.717631199,0.130840953,1.726605233,0.027321864,0.03479872,0.74628913,96,,,,,,CpxUnc,,Floor Deposits / Slump Deposits,,,2,1,1
16-1-011787,-65.03496667,107.7597363,-65.03719979,107.7596471,13.88727616,0.176214679,14.12319312,13.36115398,0.324039875,1.057033932,169.5676264,0.000485284,0.000652038,0.039156898,0.06961802,2.958256238,0.016301883,0.006238828,0.77623886,65,,,,,,CpxUnc,,Floor Deposits,,,1,1,1
03-1-014613,-25.54693104,220.4759554,-25.59163547,220.4506992,16.31916412,0.632645567,23.85851871,15.53983924,0.758792064,1.535313097,64.65541397,0.007584881,0.006658754,1.138473895,0.273026983,1.847682329,0.028429524,0.078069829,0.65460926,60,,,,,,CpxUnc,Gullies,Slump Deposits / Floor Deposits,,,2,1,1
11-1-015194,-32.37436437,62.54125018,-32.37424887,62.5409937,13.6721278,0.319258352,14.60638543,12.69612306,0.494430245,1.150460291,93.27483271,0.000207827,0.00023019,0.029737192,0.028462055,0.716509501,0.004627527,0.003483925,1,86,,,,,,CpxUnc,,Floor Deposits,,May be CpxCPk,1,1,1
11-1-017826,-40.08743324,42.51611039,-40.08749703,42.51528204,21.25851638,0.350605726,21.92374037,20.41926884,0.364056002,1.073679011,85.97693812,0.000414319,0.000576292,0.059613837,0.065925567,1.900869217,0.010057899,0.004532093,0.93742734,135,,,,,,CpxFF,Gullies,Slump Deposits / Floor Deposits,,,1,1,2
11-0-011807,-19.96962386,84.07583888,-19.96101369,84.08514349,38.00942048,0.75497136,40.28629344,37.28031149,0.37902972,1.080631889,38.50254289,0.002796944,0.002350164,0.448694702,0.153596629,3.70946358,0.026829632,0.012832797,0.73996907,160,,,,,,CpxFF,Gullies,Floor Deposits / Slump Deposits,,,2,1,2
02-1-005377,14.28610863,199.2619095,14.28648405,199.2619847,12.5114586,0.177681605,12.93560491,12.087762,0.35607692,1.070140602,86.07552246,0.000279525,0.000272856,0.040532368,0.038637082,2.154380218,0.010976637,0.004790002,1,71,2,DLERS,SmAm,,,CpxCPt,Terraced,,,,3,2,1
07-0-002611,-28.39705833,358.4436997,-28.39662563,358.4436478,11.68738801,0.22240337,11.93667035,11.4366797,0.286390248,1.043718165,66.37447328,0.000574874,0.00056039,0.083726643,0.072273819,7.129980753,0.030262177,0.009853899,0.89140362,68,,,,,,CpxFF,,Floor Deposits,,,1,1,1
11-0-003017,-24.74164647,6.249521116,-24.74440984,6.245623818,33.52649745,0.674044833,35.36957879,32.18422686,0.414737908,1.098972454,39.74789491,0.000582799,0.000694615,0.10632737,0.076696796,1.148188538,0.007658588,0.004215828,0.88135821,186,,,,,,CpxUnc,,Floor Deposits,,,1,1,1
03-1-024566,-36.43051709,240.1887351,-36.42879267,240.1873873,28.30324859,0.35911795,29.0553267,27.35167021,0.33738964,1.06228711,34.93344076,0.000610639,0.000397843,0.053144235,0.06477894,1.962349293,0.007859766,0.003178828,0.78235084,133,,,,,,CpxUnc,,Ejecta Deposits / Floor Deposits,,,1,1,1
11-0-004801,-16.88070809,42.65459795,-16.88094385,42.65414228,16.53991062,0.397990809,16.9450393,16.11765367,0.30866012,1.051334124,2.376771819,0.000692022,0.000787349,0.108927038,0.099133717,5.956287469,0.026077794,0.009353489,0.95337856,98,,,,,,CpxFF,,Floor Deposits,,,1,1,1
08-1-008099,-60.62389243,317.8866269,-60.62804345,317.8724753,31.56885057,0.484812234,33.16021406,31.07635529,0.348905636,1.067056086,25.67032262,0.001423162,0.003840555,0.312547671,0.1036597,3.560321542,0.025167501,0.010668659,0.73806268,196,,,,,,CpxUnc,,Floor Deposits,,,1,1,1
04-3-000058,-47.65459962,267.779632,-47.65447923,267.77949,28.4575299,0.373006205,28.49379327,28.36149903,0.096251087,1.004664571,88.09312492,0.000599836,0.000952576,0.083980155,0.092914889,32.11972907,0.045359738,0.004427305,0.91695964,174,,,,,,CpxUnc,,Floor Deposits / Tectonics,,,1,1,1
07-1-003522,-4.585119638,290.3402735,-4.585532598,290.3417831,27.03473466,0.347582505,27.2091357,26.62334504,0.206385258,1.022002895,80.12612432,0.000734719,0.001024154,0.087990695,0.155231322,8.783531982,0.030929586,0.00681411,0.78273773,117,2,DLERS,HuBL,,Lobe is partially (~30%) removed by a valley.,CpxFF,Terraced,Floor Deposits,,,2,2,1
12-1-002796,-50.02289594,55.67635563,-50.02272656,55.67654298,28.58316372,0.443845998,29.28256695,27.78398672,0.315806945,1.053936832,122.3636358,0.000435143,0.000729256,0.064806231,0.067051904,2.036750289,0.009334465,0.003451079,1,219,,Rd,,,,CpxCPt,Terraced,Slump Deposits / Floor Deposits,,,3,2,3
15-1-005186,-6.723821104,115.8304813,-6.723615407,115.8311966,13.88640716,0.212018865,14.16857157,13.49634373,0.304366501,1.049808145,125.8264743,0.000418042,0.00050204,0.060934294,0.072809458,4.560237829,0.020567554,0.007242847,0.85955811,73,,,,,,CpxFF,,Ejecta Deposits / Slump Deposits,,,1,1,1
15-1-038307,-35.90253296,136.7709521,-35.90346784,136.7698642,30.16054496,0.930517476,31.70247757,28.49752564,0.438142935,1.112464218,157.0870078,0.001047492,0.001032802,0.120561935,0.123522541,2.194995773,0.010634289,0.00641479,0.82727492,168,,,,,,CpxFF,,Floor Deposits,,,1,1,1
11-0-006498,-12.12638884,82.35249128,-12.1267925,82.3502039,11.78694813,0.176219839,12.26451264,11.56836108,0.33211601,1.060177199,18.11613318,0.000409267,0.000801015,0.115495456,0.057002549,4.791220985,0.028471909,0.011267869,0.78756875,56,,,,,,CpxFF,,,,,,,
06-0-003218,6.508720025,346.7922725,6.509078649,346.7918756,51.81643563,0.917876044,52.21733519,51.22640848,0.193891235,1.01934406,98.5143017,0.001035705,0.001090374,0.150518354,0.162725756,7.030172701,0.021291523,0.004372475,0.93283814,298,3,Rd/MLERS,HuBL,,,CpxUnc,,Floor Deposits,,,2,2,1
14-1-011199,6.149875565,129.8111466,6.149846468,129.8111135,21.22924007,0.226926269,21.48815299,20.96075932,0.220192058,1.025161,157.1940661,0.000369238,0.000381963,0.055384544,0.05377656,4.788418731,0.015715176,0.003728182,1,122,3,MLERS,SmBL,,,CpxCPk,Terraced,Slump Deposits,,,3,2,3
11-0-006246,-12.88757928,48.72170928,-12.88736054,48.72288565,36.13638729,0.719820327,37.00716264,35.02842293,0.32261317,1.056489546,102.5280884,0.001095185,0.001136202,0.157959649,0.162784982,3.736791699,0.017523217,0.006666403,0.95010996,208,,,,,,CpxFF,,Floor Deposits,,,1,1,1
15-1-042419,-40.41483974,106.4049199,-40.41413445,106.4047903,11.3717774,0.118122403,11.53261905,11.28210892,0.20729668,1.022204193,107.3339711,0.000508503,0.000395349,0.073742765,0.043162429,9.437493046,0.034400845,0.007616833,0.80106926,60,,,,,,CpxFF,,Floor Deposits,,,2,1,2
09-3-000464,64.12474443,75.82779832,64.12468972,75.8277671,13.83018754,0.314426761,14.31548446,13.17265813,0.391522536,1.086757457,111.534757,0.000358191,0.000947135,0.05256421,0.060286019,2.303756328,0.012689138,0.006376565,0.95763886,133,,,,,,CpxFF,,Floor Deposits,,,2,1,1
04-1-004098,-51.51545029,231.4267939,-51.51423069,231.4278242,154.2174269,3.539994699,162.7569706,147.8363146,0.41826391,1.100926867,139.9310133,0.00295666,0.003853867,0.394531068,0.271948155,1.409384334,0.006002538,0.003350123,0.59686559,540,,,,,,CpxCPk,,Tectonics / Slump Deposits / Floor Deposits,,,2,1,1
10-1-010081,5.265647095,81.24777834,5.266121101,81.24828373,45.11529613,1.031673927,45.52650219,44.57342779,0.203545424,1.02138212,28.8875753,0.001003419,0.001014854,0.145045004,0.14640801,7.178630802,0.021549731,0.004673777,0.99233848,262,3,MLERS,HuBL,,,CpxCPk,Terraced / Gullies,Slump Deposits,,,3,2,3
03-1-011087,-21.11077967,197.6906041,-21.11063291,197.6907352,13.8078815,0.420348421,14.5678152,12.99080856,0.452533881,1.121394033,72.58236934,0.000624739,0.000639842,0.088571308,0.084619385,2.712958232,0.015657737,0.009992055,1,87,,,,,,CpxFF,,Slump Deposits / Floor Deposits / Ejecta Deposits,,,1,1,1
06-1-015512,4.981502651,325.6619702,4.981843448,325.6624535,24.62152069,0.500102824,25.8944585,23.33773315,0.433271168,1.109553286,33.99967505,0.000625766,0.00064269,0.095145175,0.087200987,1.688111488,0.009824507,0.005814536,0.92602807,111,3,MLERS,HuBL,,,CpxSuPt,,Floor Deposits,,,3,2,3
12-1-011296,-65.76574203,83.57069218,-65.7629485,83.56545459,14.19933131,0.207440206,14.59511742,13.35723559,0.403033537,1.092675001,40.03395687,0.000465675,0.001032109,0.052550862,0.081233599,2.002992057,0.014687422,0.007722533,0.79048234,68,,,,,,CpxUnc,,Floor Deposits,3,,1,1,1
05-1-001864,52.30335429,340.671866,52.30334021,340.6719724,12.27267415,0.184875041,12.51204615,12.00735823,0.281149992,1.042031553,24.97470295,0.000288991,0.000478647,0.042487546,0.042038735,3.89570183,0.015976596,0.005082354,1,158,2,DLEPS,HuBL,,,CpxFF,,,,,3,2,3
16-1-008959,-61.90777819,144.6553796,-61.89725398,144.6395212,12.80731529,0.470293999,14.52847063,12.71513566,0.483783906,1.142612318,117.7438584,0.00495125,0.007416173,0.772222131,0.148400876,5.235110401,0.086158554,0.0621794,0.67393678,77,,,,,,CpxFF,,Floor Deposits / Slump Deposits,,,1,1,1
07-1-000730,-0.454435315,332.6461306,-0.454795427,332.6466478,29.96975099,0.486356577,30.80140657,29.12524582,0.325384823,1.057550098,142.57975,0.000669434,0.000689274,0.101345794,0.095610063,2.743401644,0.012771767,0.004915312,0.93781054,165,1,Rd/SLERS,HuBL,,,CpxUnc,Terraced / Channel SE,Floor Deposits,,,3,2,1
10-0-000574,8.174237376,1.368736674,8.172959248,1.369287179,34.69327795,0.539121274,35.19787102,33.98910562,0.259816538,1.035563319,55.15965768,0.000731745,0.000994426,0.115387643,0.127158332,4.699821779,0.017852849,0.005151151,0.7280969,139,,Rd,,,,CpxCPt,Terraced,Floor Deposits / Dunes,,,3,2,3
03-1-021494,-33.20330026,238.3441523,-33.20264147,238.3439563,15.31192678,0.998929416,16.75101363,13.68542965,0.576650227,1.224003489,123.1761435,0.001366937,0.001616566,0.213052774,0.185291555,2.870374821,0.021502202,0.022737535,1,103,,,,,,CpxFF,,Slump Deposits,,,2,1,1
16-1-002611,-47.88126899,122.9058566,-47.88136974,122.9059809,13.01025162,0.231603157,13.30550206,12.73257841,0.290282992,1.044996672,174.7275891,0.000373444,0.000626957,0.062151778,0.053844082,4.651510061,0.019877333,0.006584525,1,98,,Rd,,,,CpxFF,,Floor Deposits / Slump Deposits,,,1,2,1
03-1-015592,-26.59703478,213.0235345,-26.60434436,213.0178621,16.02387888,0.205724506,17.0159134,14.58908285,0.514685973,1.166345656,116.5318932,0.001136073,0.002932009,0.231733571,0.210415512,3.470718331,0.028331333,0.023136154,0.63347864,50,,,,,,CpxUnc,,Slump Deposits,,,1,1,1
08-1-002796,-48.77700592,344.1071529,-48.77114395,344.0807347,33.02317197,0.704648462,33.95384109,29.58064109,0.490925403,1.147839933,64.8228779,0.000630264,0.00183395,0.085281692,0.180812499,1.138279171,0.010216954,0.007585443,0.74320275,177,,,,,,CpxFF,,Floor Deposits,,,1,1,1
07-0-000344,-5.385083741,348.9890788,-5.389976131,349.0012874,15.75655973,0.704811106,18.87634246,14.19126371,0.659389426,1.330138235,151.0606083,0.000749851,0.001258976,0.196515412,0.082302479,1.024734098,0.010214894,0.015851347,0.82438231,79,,,,,,CpxFF,,Slump Deposits / Floor Deposits,,,1,1,1
11-0-000213,-38.15028273,39.08688758,-38.15029436,39.08682862,19.28993326,0.407983733,19.40010355,19.08522261,0.179438952,1.016498678,50.48805384,0.000774361,0.001026782,0.113533984,0.11468835,17.11689718,0.045241054,0.008526482,1,138,2,Rd/DLERS,HuBL,,,CpxFF,,Floor Deposits,,,2,2,1
11-1-014357,-30.47824917,82.14743171,-30.47786569,82.14716323,25.89690018,0.652270926,26.14228653,25.58802297,0.204826965,1.021661054,8.624617474,0.000964796,0.001255385,0.161591364,0.136235628,12.50357436,0.038158231,0.008334813,0.91472673,151,,,,,,CpxFF,Channel N / Channel S,Floor Deposits,,,2,1,1
11-1-011187,-25.08677452,86.08953293,-25.09656718,86.09130523,17.79165994,0.189283622,17.88061134,15.38746682,0.509336993,1.162024363,7.40210718,0.001366077,0.000473988,0.045693092,0.30726182,1.294585795,0.029270716,0.023392911,0.30971664,36,,,,,,CpxUnc,,Ejecta Deposits / Floor Deposits,,,1,1,1
15-1-016162,-15.42030811,99.94469308,-15.42010132,99.94445015,13.60228172,0.31218746,13.96899893,13.15278235,0.336818958,1.062056572,18.33699041,0.000679142,0.000713005,0.098247174,0.100074228,5.649807247,0.027272409,0.011004314,0.92724597,80,2,DLERS,HuBL,,,CpxSuPt,Terraced / Gullies,Slump Deposits / Floor Deposits,,,3,2,2
15-1-029367,-27.40355241,141.0789574,-27.40399136,141.079574,20.59043364,0.384920032,20.78927542,20.42315341,0.186847664,1.017926811,162.4937812,0.000756662,0.001004935,0.14185969,0.098810296,14.01259465,0.043205277,0.008514794,0.78437191,103,,,,,,CpxFF,,Slump Deposits / Floor Deposits,,,2,1,1
04-1-006703,-56.53686007,195.3048376,-56.53691944,195.3048189,11.23372387,0.415783541,12.01395944,10.44910965,0.493497223,1.149759151,136.6273143,0.000554714,0.001139504,0.091616952,0.080531622,2.531227293,0.016619468,0.012465866,1,98,2,DLERS,HuBL,,,CpxFF,Terraced,,,,3,3,4
11-0-001206,-33.6319438,10.04068982,-33.63181792,10.03815525,17.16651262,0.355487209,17.92989652,16.09955192,0.440165605,1.113689164,105.043598,0.000488642,0.000667226,0.07094541,0.082437506,1.89302849,0.011853251,0.007206851,0.86977559,100,,,,,,CpxFF,,Ejecta Deposits / Floor Deposits,,,1,1,1
06-1-016784,3.718424701,325.3463651,3.716810121,325.3462014,25.03161926,0.839054316,25.8155501,24.03588785,0.364860001,1.074041877,16.3306274,0.001282318,0.001285963,0.184448196,0.189421137,4.743016699,0.025273695,0.011425064,0.84735972,108,,,,,,CpxFF,,Ejecta Deposits / Slump Deposits,,,2,1,2
15-1-017974,-17.70195899,177.6609166,-17.69593106,177.664149,34.31001733,0.83605003,36.38597343,32.16364184,0.467567893,1.13127654,121.6501106,0.00113407,0.000826385,0.14810259,0.124205302,1.534637358,0.009376377,0.006347257,0.72080463,152,,,,,,CpxFF,Channel N / Channel SW / Terraced,Channel / Floor Deposits / Slump Deposits,,,2,1,1
14-1-007579,15.62338685,117.6140039,15.6226932,117.6139398,31.55776381,0.544727212,32.52993905,30.45477017,0.351447969,1.068139371,128.870146,0.000712829,0.000648095,0.092394619,0.095880193,2.295625297,0.010574633,0.004529081,0.89250004,160,3,Rd/MLERS,HuSL,,,CpxCPk,Terraced,Ejecta Deposits / Slump Deposits / Floor Deposits,,,3,2,3
11-0-006215,-13.49962125,42.33593776,-13.5006949,42.33600084,26.52572992,0.493307105,27.11654883,25.79021422,0.308921213,1.051427824,29.88050565,0.000845878,0.001399813,0.130692005,0.149579861,5.912340324,0.022081321,0.007928868,0.78329909,125,,,,,,CpxUnc,,Floor Deposits,,,1,1,1
11-0-007853,-9.52818462,16.3544391,-9.528154701,16.35453053,16.07404776,0.548792774,17.46013012,14.67735137,0.541623854,1.189596794,98.2863258,0.000404597,0.000361704,0.057865075,0.051375232,0.938114897,0.006288968,0.005734249,1,98,2,DLERS,HuBL,Pseudo-Butterfly,,CpxFF,Terraced / Gullies,Slump Deposits,,,3,2,3
03-3-000096,-23.18400832,185.2166396,-23.18577332,185.2158688,18.6937656,0.09473447,19.05587025,18.5715553,0.224020315,1.026078319,76.68381237,0.000334784,0.000274198,0.050184504,0.020103062,3.030215388,0.012072286,0.002921585,0.72177333,77,,,,,,CpxFF,Gullies,Floor Deposits,,,1,1,1
04-1-001076,-45.44540959,216.2115972,-45.44545725,216.2111564,11.57047458,0.554530186,11.93504962,10.92759165,0.402117007,1.092193962,109.501573,0.001202781,0.001781315,0.171024437,0.179234258,8.240410154,0.045404954,0.02378784,1,83,,,,,,CpxFF,,Floor Deposits,,,1,1,1
08-1-000271,-44.38593352,305.860115,-44.38626076,305.8600639,21.21859889,0.702364414,22.65719546,19.56065947,0.504638053,1.158304274,75.10535055,0.000644102,0.000882639,0.092271161,0.091884435,1.399140199,0.009182354,0.007201153,1,150,,,,,,CpxFF,,Slump Deposits / Floor Deposits,,,2,1,1
15-1-030476,-27.72474239,157.5526748,-27.72518724,157.5531748,19.7495431,0.386562693,20.13353595,19.36418339,0.273796981,1.0397307,119.3715605,0.000655346,0.000870251,0.105538032,0.092761092,6.605114392,0.023991217,0.007383181,0.8634752,110,,,,,,CpxFF,,Ejecta Deposits / Floor Deposits,,,1,1,1
01-1-001788,52.55916521,211.2810741,52.55854196,211.2813764,11.45311925,0.149908325,11.67442328,11.29367615,0.253305962,1.033713303,103.2438966,0.000340711,0.000429763,0.053198054,0.038540009,4.778136095,0.021032587,0.005884891,0.86021113,128,,,,,,CpxUnc,,Floor Deposits,,,1,1,1
10-0-006813,20.85559321,67.47298428,20.85620448,67.47309458,45.91738566,0.946341874,45.88768993,45.81311291,0.056989245,1.001627853,52.34742957,0.001043897,0.001127192,0.148763829,0.152303363,96.75762515,0.081215393,0.004651044,0.97903234,268,,,,,,CpxFF,,Ejecta Deposits / Floor Deposits,,,1,1,1
11-0-011795,-15.29114955,6.617957203,-15.27308906,6.603191921,29.82297895,0.824858296,31.39880948,25.97936146,0.561613703,1.208605898,20.02808938,0.000748212,0.000900458,0.077569691,0.127067838,0.853660703,0.006679479,0.006622689,0.60583287,99,,,,,,CpxUnc,,Floor Deposits,3,,1,1,1
04-1-004112,-50.15217894,233.6799109,-50.15207007,233.6798601,10.31780151,0.126183203,10.56326708,10.05523467,0.306390998,1.050524172,122.8544341,0.000283451,0.000393662,0.036037974,0.036240632,3.883658353,0.014676982,0.005213518,0.87152016,66,,,,,,CpxFF,,Ejecta Deposits / Floor Deposits,,,2,1,1
06-1-006830,25.83852692,337.8193621,25.83850742,337.8189945,38.69111714,0.889174663,40.12029969,37.25807515,0.370934719,1.076821589,133.6632039,0.000938078,0.001020914,0.13655784,0.127394786,2.25525601,0.011216933,0.005195207,0.94387877,183,,,,,,CpxFF,,Floor Deposits,,,2,1,1
07-0-002668,-29.67960693,348.8448529,-29.67969472,348.8448833,35.29203016,0.66816128,36.17423701,34.38588532,0.310532277,1.052008307,27.78959545,0.000696244,0.000838302,0.105879695,0.100234594,2.710955362,0.012019796,0.004345716,0.97995692,219,,,,,,CpxFF,Terraced / Gullies,Slump Deposits / Floor Deposits,,,1,1,1
15-1-040754,-39.49219673,103.5358363,-39.4924497,103.5361613,12.29900197,0.166428549,12.48335565,12.08030999,0.252053291,1.033363851,23.26168118,0.00035126,0.000486017,0.052319885,0.055340602,5.902184237,0.02306878,0.006416184,0.88794649,77,,,,,,CpxFF,,Floor Deposits,,,1,1,1
15-1-041979,-40.02643731,149.6803461,-40.02590545,149.6802759,19.6955736,0.526528889,20.25686841,18.95805664,0.352311237,1.068509753,74.05046857,0.000785307,0.001064813,0.113747405,0.120347584,4.119727295,0.021070148,0.009055857,1,139,,,,,,CpxFF,Gullies,Ejecta Deposits / Slump Deposits / Floor Deposits,,,1,1,1
16-1-006156,-56.58914618,132.1233266,-56.5888778,132.1239695,22.46432025,0.553357595,23.50536045,21.34072944,0.419167222,1.101431913,50.42710223,0.00057695,0.001169083,0.089945552,0.086934698,1.922138152,0.010990955,0.006155959,0.97077191,187,,,,,,CpxFF,,Floor Deposits / Slump Deposits,,,1,1,1
11-0-001731,-30.40740202,14.61445342,-30.40678833,14.61451315,31.61024318,0.855889665,32.64672656,30.36202382,0.367515486,1.075248698,76.46517503,0.001004304,0.001158994,0.146443935,0.147581255,2.915635478,0.015566349,0.007111958,0.98501664,208,,Rd,,,There may be a cohesive lobe within the Rd ejecta.,CpxCPt,Terraced,,,,4,3,4
11-0-000822,-34.81405229,1.775380313,-34.82419145,1.762634685,11.34881696,0.58336113,14.57773616,10.06238959,0.723563947,1.448735018,50.92739612,0.001179765,0.002078168,0.250734419,0.073819278,1.348379636,0.012312997,0.027089911,0.73892105,55,,,,,,CpxUnc,,Floor Deposits,1,,1,1,1
10-3-000008,43.96853426,83.4240214,43.95483637,83.45018802,31.38724429,0.709758435,35.72594869,30.28025731,0.530682941,1.179842969,149.5554393,0.001977098,0.002515767,0.318580519,0.098028396,1.469534,0.012842118,0.011192946,0.71435237,145,,,,,,CpxUnc,,Floor Deposits,,,1,1,1
11-0-011803,-18.66649031,84.11811216,-18.66642559,84.11823116,34.51229802,0.685869874,35.15479705,33.79507294,0.275427646,1.040234389,28.18717768,0.000780281,0.000826089,0.114355808,0.112061313,3.899697162,0.01558558,0.004831969,1,209,,Rd,,,There may be a cohesive lobe within the Rd ejecta.,CpxCPt,Terraced,Ejecta Deposits,,,3,2,3
07-1-009809,-14.19306523,333.5072818,-14.19288164,333.5075689,17.10846226,0.390029921,17.72903541,16.49032793,0.367227533,1.075117213,148.6447594,0.000608637,0.000660888,0.094501592,0.086546617,3.409813135,0.017623073,0.008042375,1,106,2,DLERS,HuSL/HuBL,,,CpxFF,Terraced,Floor Deposits,,,3,2,1
03-1-025250,-38.43174328,235.2312171,-38.41009907,235.2269192,27.8707057,0.895342796,32.03766557,26.42162062,0.565563245,1.212554901,89.77970711,0.002543985,0.001377909,0.336666993,0.107620787,1.459961737,0.013553469,0.013665826,0.72291678,125,,Rd,,,,CpxFF,Terraced,Floor Deposits,,,2,2,1
11-0-004626,-16.75325315,40.49096964,-16.75335721,40.49070596,42.1239582,0.831226814,42.17178345,41.91121067,0.110993269,1.006217257,40.16640961,0.001113985,0.001165086,0.160204169,0.160713706,29.31244074,0.048032108,0.005431297,1,266,,Rd,,,,CpxCPk,Terraced,Slump Deposits,,,3,2,3
10-0-000212,3.86921699,12.73726829,3.869254542,12.7372582,10.99846763,0.130337003,11.16404856,10.83067666,0.24255043,1.030780339,64.34971334,0.000292953,0.000287432,0.043163588,0.041274447,5.869606166,0.021065127,0.00559583,0.96844453,64,1,SLEPS,HuBL,,,CpxCPt,,,,,3,2,3
04-1-011288,-66.15004178,210.5648942,-66.14972553,210.5629484,29.14655433,0.873227602,30.04061996,28.17512673,0.346903103,1.066210642,157.7050744,0.001059031,0.002406004,0.142751765,0.135758562,3.989676355,0.01716045,0.007215491,0.89807332,164,,Rd,,,There may be a cohesive lobe within the Rd ejecta.,CpxFF,,Ejecta Deposits / Floor Deposits,,,2,1,2
06-1-006848,25.84644793,334.0322874,25.84549487,334.0314566,52.03864815,0.873102271,54.65388958,49.4488766,0.425913071,1.10526049,1.843733247,0.000539779,0.000640551,0.07588928,0.072251136,0.7957539,0.003874095,0.002227846,0.78439099,192,,,,,,CpxUnc,,Floor Deposits,,,1,1,1
11-1-018499,-41.9582835,15.41160622,-41.95794152,15.41142315,13.79896079,0.206329747,13.97424292,13.56739487,0.239542573,1.02998719,45.59403148,0.000439417,0.000621356,0.0644928,0.069700406,7.226047365,0.027175331,0.007113003,0.91899151,88,,,,,,CpxFF,,Ejecta Deposits,,,1,1,1
11-3-000082,-16.10664851,82.64989533,-16.104744,82.64891386,12.92202937,0.159936797,13.12302977,12.45555561,0.314862816,1.053588469,22.33890871,0.000504403,0.000412881,0.049209585,0.084021968,3.596474547,0.022081966,0.008131528,0.77206248,58,,,,,,CpxFF,,Floor Deposits / Ejecta Deposits,,,1,1,1
15-1-035694,-33.42868612,154.6544273,-33.42552411,154.6563647,11.3332219,0.496453443,12.00346303,10.93737892,0.41199681,1.097471627,64.21576736,0.001546922,0.001320721,0.241746256,0.134587431,6.581548956,0.04756176,0.025901903,0.81173021,62,,,,,,CpxFF,,Floor Deposits,,,1,1,1
16-4-000647,-62.0025033,169.9001511,-62.00631482,169.900135,22.28087667,0.209913475,22.8503354,22.1668728,0.242747114,1.030832612,86.12093414,0.003180194,0.004578321,0.388609905,0.202404511,14.60879362,0.074833005,0.019898105,0.63186115,130,,,,,,,,,,,,,
10-0-002334,4.386458295,29.2324094,4.387314973,29.23239758,22.90000417,0.721782224,24.21339578,21.45742121,0.463341598,1.128439226,32.40732417,0.000885423,0.00090314,0.13334574,0.127395595,2.161045903,0.013725265,0.009138113,0.96187025,131,,,,,,CpxFF,,Ejecta Deposits,,,1,1,1
16-1-008809,-62.50698249,114.0510024,-62.50715968,114.0506245,12.97652661,0.331078402,13.22497631,12.57936305,0.308629681,1.051323207,107.7451074,0.000534191,0.001331449,0.078001783,0.091305946,5.917944564,0.027417189,0.009832623,0.98082489,125,,Rd,,,,CpxFF,,Floor Deposits / Slump Deposits,,,1,2,1
07-1-000362,-0.753449218,307.4179009,-0.754303666,307.418712,33.96511548,1.35838485,34.64116336,32.92349928,0.310982861,1.052171371,105.5913701,0.001692665,0.001635826,0.23944966,0.234632501,6.659050612,0.028837576,0.010446111,1,218,,,,,,CpxFF,,Ejecta Deposits / Floor Deposits,,,1,1,1
11-0-001815,-29.98805891,31.4873922,-29.98788084,31.48728727,18.13952253,0.423364316,18.68194845,17.57595119,0.33896603,1.062926737,80.78920245,0.000683453,0.000705491,0.092595432,0.086066133,4.212483453,0.018193174,0.007405845,0.88455617,104,,,,,,CpxFF,,Ejecta Deposits / Floor Deposits,,,1,1,1
16-1-004015,-51.84313879,101.5598625,-51.84088883,101.5611815,12.54702167,0.377962106,13.64322611,11.71175942,0.512930139,1.164916869,55.71863943,0.000512799,0.000567457,0.066236279,0.048511167,1.566115273,0.00916837,0.007434215,0.84083766,78,,,,,,CpxFF,,Floor Deposits,,,1,1,1
06-1-007137,26.03281649,274.6502997,26.03296487,274.6503448,24.47505125,0.259219372,24.74636027,24.18457045,0.211868963,1.023229266,35.68286167,0.000431565,0.000496671,0.064074256,0.063364696,5.288574657,0.016605714,0.003769153,0.94909358,124,2,DLERS,HuBL,,,CpxCPt,Gullies / Terraced,Floor Deposits,,,4,3,4
04-1-010086,-67.28080114,265.8522386,-67.28085656,265.8503716,10.65777566,0.381914343,11.63421652,9.743699679,0.546431615,1.19402454,79.75221472,0.000644925,0.001429891,0.093928396,0.079668613,2.125745898,0.014749649,0.013720099,1,68,,,,,,CpxFF,,Floor Deposits,,,1,1,1
10-0-007265,22.09090151,8.714663533,22.09017367,8.714411137,21.93837903,0.412397039,23.40537246,21.24115399,0.419980214,1.101887989,96.60857537,0.000901139,0.000576569,0.169210131,0.080695052,2.146857273,0.016016027,0.008999036,0.64829469,86,2,DLERS,HuBL,,,CpxUnc,Terraced,Ejecta Deposits,,,2,2,1
03-1-028844,-41.92578539,227.2626271,-41.92593075,227.2625281,23.97063463,0.44674141,24.59298994,23.21984328,0.329472651,1.059136776,96.27104251,0.000580443,0.00080084,0.082939165,0.087161424,2.92126694,0.013653419,0.005344621,1,165,,Rd,,,,CpxFF,Terraced,Ejecta Deposits / Floor Deposits,,,2,2,1
11-1-000472,-1.238674389,81.19736316,-1.240386901,81.19714287,10.27271454,0.202789669,10.5566135,9.759947722,0.381099659,1.081626029,4.914764449,0.000614504,0.000444463,0.06362447,0.092317039,4.105322323,0.025155609,0.012131229,0.79777491,48,,,,,,CpxFF,,Slump Deposits,,,2,1,1
12-1-010486,-74.54142539,86.70504791,-74.53579509,86.74828022,21.22926174,0.553947148,22.54611593,18.35383643,0.580784183,1.228414344,111.2584995,0.000670784,0.002909538,0.091372514,0.127990585,0.988044361,0.009203073,0.009907915,0.77744555,95,,,,,,CpxFF,,Floor Deposits,,,1,1,1
10-0-002802,6.458597387,38.49244423,6.415547437,38.49464334,44.07230764,0.595275753,43.72132386,38.02219219,0.493671094,1.149889613,0.199808202,0.0038224,0.001313822,0.133786481,0.513373988,1.543220303,0.021209133,0.015919487,0.62566048,116,,,,,,CpxFF,Channel SE,Fractured / Valley Deposits / Slump Deposits / Floor Deposits,,,1,1,1
11-0-009887,-4.660072484,0.478298796,-4.663149735,0.475292996,27.65097117,0.916246357,30.3769672,25.53775402,0.541509459,1.189492513,57.2791611,0.000783054,0.000728244,0.129935985,0.092443327,0.978950357,0.007313674,0.006665409,0.89866513,150,,,,,,CpxFF,,Floor Deposits,,,1,1,1
15-1-015189,-15.93472293,156.4158305,-15.94385969,156.423204,34.14657076,0.568490734,34.80212577,31.94140697,0.397041962,1.089561453,30.58149774,0.001811512,0.002870472,0.178403688,0.362495369,4.235894545,0.026419686,0.013568107,0.70655608,133,,,,,,CpxFF,,Slump Deposits / Floor Deposits,,,1,1,1
15-1-032341,-28.80388967,157.2774025,-28.80382005,157.2772815,15.19709506,0.326082893,15.59965722,14.7516916,0.325209381,1.057482602,97.51100373,0.000604414,0.000667324,0.086709602,0.084111042,4.824455229,0.021895634,0.008420547,1,97,,,,,,CpxFF,,Floor Deposits,,,1,1,1
14-1-004514,24.97922144,171.2128566,24.97616604,171.2130505,18.80734317,0.368536128,19.85607457,18.06514264,0.415037443,1.099137436,78.1675119,0.000740503,0.00056895,0.108916399,0.075900864,2.240193283,0.013780185,0.007594485,0.85415417,95,,,,,,CpxFF,,Floor Deposits,2,,2,1,1
06-0-001824,17.60195408,338.6262657,17.60219524,338.6265005,42.40323958,0.995936776,43.03152388,41.65361994,0.251030424,1.033080053,95.46206263,0.001127262,0.001157108,0.159722298,0.153029288,5.745548313,0.019493169,0.005395239,0.9233461,249,,,,,,CpxFF,Gullies / Terraced,Ejecta Deposits / Floor Deposits,,,2,1,2
10-0-001590,2.130082683,56.53878513,2.129978517,56.53883911,16.34039849,0.255852707,16.78198469,15.883373,0.322839317,1.056575621,89.22337304,0.000504135,0.000480466,0.072742046,0.069390648,3.737251511,0.017075928,0.006502382,1,99,3,MLERS,HuSL,,,CpxCPk,Terraced,Floor Deposits,,,3,2,3
11-1-012121,-26.85318333,52.90717777,-26.85294565,52.90717173,15.88818675,0.589449825,16.93914429,14.75110629,0.491585201,1.148330435,75.03973367,0.000784514,0.000810437,0.11434875,0.106727742,2.28578113,0.015265125,0.011363177,1,107,,,,,,CpxFF,,,,,1,1,1
11-1-008343,-20.27814771,71.03637245,-20.28071805,71.03580202,30.64642635,0.637897352,32.4047698,29.18132232,0.434803151,1.110462694,96.2747744,0.000521858,0.000434617,0.069708142,0.05565146,1.032630751,0.005361773,0.003192368,0.8462708,155,,,,,,CpxFF,Gullies,,,,2,1,2
04-1-008366,-60.80511309,185.1104458,-60.80627364,185.1123467,10.24404029,0.294149312,10.7296441,9.896589465,0.386332631,1.084175932,125.4615154,0.00062687,0.001153947,0.105940433,0.069192548,4.132527425,0.026641915,0.013116746,0.83955657,79,,,,,,CpxFF,,Ejecta Deposits / Floor Deposits,,,1,1,1
11-0-009246,-6.479964662,49.56225666,-6.480166696,49.56306639,15.14225035,0.377777996,16.04371267,14.35526966,0.446547694,1.117618342,14.05828606,0.000404933,0.000502159,0.07128891,0.058288627,1.847480091,0.010791598,0.006727197,0.89923549,80,,,,,,CpxFF,,Floor Deposits,,,1,1,1
12-1-010287,-71.74187839,55.53285957,-71.74107365,55.53399687,14.9084152,0.28030568,15.46442066,14.44500855,0.357063371,1.070571928,56.40817242,0.000515908,0.001110919,0.064957116,0.051780824,3.08186414,0.01349357,0.0059118,0.83350062,75,1,Rd/SLERS,Hu,,"Pd-like, but crater floor is below surrounding surface.",CpxCPk,,Dunes,,,3,2,3
14-1-010364,7.701025141,167.896171,7.708006112,167.892259,10.15980003,0.08961221,10.03557668,9.098381713,0.421963662,1.103006776,26.41705985,0.002034732,0.002119706,0.122147879,0.334794736,6.199689446,0.075496906,0.042750259,0.60031372,28,,,,,,CpxFF,,Floor Deposits,,,1,1,1
10-1-008510,13.05554822,72.67073905,13.05442541,72.67000697,11.86769546,0.260573515,12.3217953,11.23097759,0.411361008,1.097125803,135.7318608,0.000507919,0.000497683,0.068261915,0.079947374,2.911541567,0.018217079,0.009896261,0.85092676,61,2,DLERS,HuBL,,,CpxCPk,,Slump Deposits,,,3,2,4
03-1-006096,-14.7971923,213.0072535,-14.79753339,213.0067659,26.76601365,0.593111215,27.54697577,25.94715221,0.335826662,1.061657,88.34958593,0.000979959,0.000961038,0.137395122,0.127079055,4.301415483,0.018467506,0.007421234,0.89755696,148,,,,,,CpxFF,,Tectonics / Floor Deposits,,,2,1,1
10-0-004936,14.12756133,26.50675588,14.12764967,26.50692345,21.95465395,0.364615856,22.38986265,21.4909702,0.280504523,1.041826518,92.99544501,0.000568121,0.000565567,0.082864894,0.080005191,4.177633756,0.017241644,0.00546896,0.97755891,132,,,,,,CpxFF,,,,,1,1,1
11-0-003731,-20.92339023,28.07142957,-20.92333854,28.07145411,10.40344656,0.150739995,10.53810549,10.24966752,0.232363363,1.028141202,86.57619622,0.000358428,0.000381024,0.052000162,0.05218906,8.336407845,0.028867198,0.007290051,1,66,,Rd,,,,CpxUnc,,Floor Deposits,,,1,1,1
15-1-033518,-31.15555282,130.5368233,-31.15542876,130.536649,28.93599366,0.46913791,29.40241825,28.38408195,0.260901008,1.035877021,106.1539296,0.000632497,0.000755036,0.09182137,0.093921916,4.253124366,0.016252217,0.004713169,1,193,,Rd,,,,CpxFF,Terraced / Gullies,Slump Deposits / Floor Deposits,,,2,2,1
11-0-010602,-3.153120257,26.85962133,-3.158435343,26.85686979,17.21767528,0.329122981,17.81598488,15.86037646,0.455505573,1.123301514,164.2091778,0.000640923,0.00057994,0.059813714,0.103120866,1.856587308,0.012731286,0.008219682,0.74852866,72,,,,,,CpxUnc,,Floor Deposits,,,1,1,1
11-0-003364,-23.39999179,10.15561934,-23.39984656,10.15561203,10.11692452,0.249836036,10.16466254,9.983675273,0.187867067,1.018128321,76.5937522,0.000811014,0.000890197,0.117436958,0.120485698,29.85117803,0.085791455,0.017009919,1,65,,Rd,,,,CpxFF,Terraced,Floor Deposits,,,3,2,3
12-1-009488,-80.01228294,47.92666854,-79.97287885,47.70024904,35.96332836,0.596610103,35.29235321,28.41975556,0.592912809,1.241824657,47.63121501,0.001872084,0.007908011,0.08045553,0.291191255,0.764389305,0.011479911,0.013034974,0.63852274,104,,,,,,CpxUnc,,Floor Deposits,,,1,1,1
11-1-012599,-27.4361035,66.17071251,-27.47376392,66.21257401,57.80623721,1.378393916,57.3936517,50.29718831,0.481666573,1.141090658,45.95202823,0.006761455,0.006222894,0.275968815,1.117044178,2.49630294,0.036231574,0.025929501,0.66145444,199,,,,,,CpxFF,,Floor Deposits / Slump Deposits,,,2,1,1
07-0-001048,-14.98189443,347.9807646,-14.98187952,347.9808706,12.29247898,0.328621528,13.12428952,11.48755994,0.483598325,1.142478436,15.87988778,0.000435245,0.000500244,0.070641611,0.063283711,1.878901816,0.01220161,0.008799256,0.96717042,75,,,,,,CpxUnc,,Floor Deposits,,,1,1,1
06-1-010484,17.06093682,330.7056522,17.08339235,330.7002449,52.13977108,0.950641453,52.26372659,48.73955672,0.360990514,1.072306154,8.790685294,0.004645641,0.002358893,0.17138489,0.64777433,3.814499189,0.032979304,0.014678905,0.54534549,131,,,,,,CpxUnc,,Ejecta Deposits / Floor Deposits,,,1,1,1
14-1-010831,6.441199409,90.38225692,6.441090074,90.38233649,36.68229245,0.379834979,37.28743629,36.06114287,0.254349288,1.03400595,32.47469736,0.000481528,0.000491166,0.071322389,0.069248995,2.687347434,0.009966869,0.002802582,1,209,,,,,,CpxUnc,,Floor Deposits,,,1,1,1
10-0-004874,14.40248316,38.04153194,14.40067672,38.0387471,29.72505468,0.833030909,31.64861262,28.19302621,0.454368213,1.122568836,9.039072367,0.00079437,0.000993089,0.144034554,0.105686338,1.714757323,0.010297572,0.006618837,0.87443441,159,,,,,,CpxFF,Channel NE,Floor Deposits,,,1,1,1
03-1-007546,-16.62372424,208.8284155,-16.6246902,208.8287826,15.38866898,1.426775241,20.19126432,11.05420456,0.836822294,1.826568724,69.89188071,0.000904899,0.000675861,0.132752065,0.088627268,0.534264046,0.003713764,0.018938938,1,96,,Rd,,,There may be a cohesive lobe within the Rd ejecta.,CpxFF,,Ejecta Deposits / Floor Deposits,,,3,2,2
01-1-001178,58.34094793,256.8638103,58.34025055,256.8632074,20.1647644,1.056458263,21.42987376,18.70384903,0.488090108,1.145746724,80.68923681,0.000960966,0.001672602,0.134405164,0.124702321,2.355098868,0.014286082,0.01048767,1,259,2,DLERS,SmBL,,,CpxFF,,Floor Deposits,,,3,2,3
15-1-001370,-2.756238232,127.7223835,-2.755978536,127.7217682,11.69850404,0.219088094,11.90496427,11.556876,0.240047749,1.030119582,162.3645612,0.00047114,0.000630191,0.100615432,0.06677022,9.156094991,0.0401907,0.01054596,0.83040386,58,,,,,,CpxFF,,Floor Deposits,,,2,1,1
02-1-000356,41.41455695,215.2546599,41.41467561,215.2545949,27.0258132,0.631862857,27.425722,26.49110155,0.258834236,1.035280543,65.00659504,0.000842165,0.00118058,0.122708592,0.128222376,6.247024453,0.023759541,0.00682392,0.95496231,162,,,,,,CpxUnc,,Ejecta Deposits / Floor Deposits,,,2,1,1
03-1-005024,-12.70829872,191.313404,-12.7085465,191.3133687,17.89460344,0.39271098,18.46090209,17.2634029,0.354296278,1.069366347,87.26061473,0.000739939,0.00072852,0.106854767,0.103435492,4.097460727,0.020562078,0.008908675,1,109,,,,,,CpxFF,Terraced,Slump Deposits / Floor Deposits,,,2,1,2
06-4-018308,17.18133755,307.4439447,17.21473166,307.4297306,41.13517105,0.508148749,46.01151075,41.59430649,0.427537015,1.106197329,112.7062437,0.005038425,0.002065759,0.692445072,0.13294535,1.780833772,0.029407643,0.01701891,0.52453041,217,,,,,,,,,,,,,
08-1-007776,-59.7096766,272.858008,-59.70938309,272.8586831,14.24198963,0.3176084,14.69775933,13.79020874,0.345951348,1.065811229,36.40949813,0.000341213,0.000806992,0.056401834,0.050874417,2.895860118,0.013545445,0.005673476,1,131,1,SLEPS,HuSL,,,CpxFF,,Slump Deposits,,,3,2,3
14-1-009361,11.07852191,176.7943375,11.07846462,176.7943088,20.32767132,0.451994363,20.85953848,19.75450679,0.321159516,1.055938207,117.4910571,0.000651164,0.000648037,0.095516664,0.091945738,3.920825806,0.018233333,0.006894494,1,119,3,MLERS,HuBL,,,CpxCPk,Terraced,Slump Deposits,,,4,3,4
15-1-003298,-3.57627207,156.6317934,-3.57880201,156.6327271,23.50202198,0.268806418,23.96601631,22.69111678,0.3218112,1.056184962,33.76916544,0.000642908,0.000351831,0.052330774,0.082076242,2.63554956,0.011769395,0.004462469,0.78038388,104,,,,,,CpxFF,,Ejecta Deposits / Floor Deposits,,,1,1,1
10-1-011061,0.695161791,85.29041078,0.695061322,85.29055514,13.46744593,0.287495485,13.9345321,12.96526748,0.36644037,1.074758552,143.3287373,0.000504773,0.000512249,0.075017612,0.072900274,3.53591043,0.018390951,0.008366431,1,79,,Rd,,,There may be a cohesive lobe within the Rd ejecta.,CpxFF,,,,,2,1,1
10-0-006073,18.78117188,56.20350429,18.78211295,56.2024183,10.09553379,0.239082007,10.64620753,9.677810058,0.416712642,1.100063699,135.5575496,0.000471115,0.001055769,0.114440995,0.071874997,5.210857436,0.025909237,0.014372913,0.7571525,46,,,,,,CpxCPk,,,,,2,1,2
15-1-027158,-25.07591072,170.2437119,-25.07592094,170.2436529,14.0114293,0.437604587,14.54675189,13.402199,0.388807521,1.08540038,101.0996779,0.000742949,0.000777973,0.10691665,0.103144504,4.259074741,0.023232986,0.011550734,1,94,,,,,,CpxFF,,Floor Deposits,,,2,1,1
15-1-017429,-17.24054548,153.8557758,-17.24032765,153.8556741,15.42956557,0.418189729,16.0007009,14.86199824,0.370495651,1.076618409,123.638905,0.000673044,0.000601113,0.094413793,0.082564523,3.825307465,0.01887161,0.008725242,0.90966076,89,,,,,,CpxFF,,Floor Deposits,,,2,1,1
10-1-006307,23.46888456,53.24925493,23.47427546,53.2419381,340.3050967,5.450316751,351.1750817,329.995615,0.342028106,1.064181055,110.5561936,0.001902199,0.001866697,0.279899129,0.250892386,0.566002613,0.002843757,0.001172198,0.82077914,1763,,,,,,CpxFF,Gullies,Floor Deposits,,,1,1,1
07-1-019077,-28.27475753,300.3994376,-28.27479914,300.3993023,15.35963681,0.477534661,16.79091823,13.86335952,0.564188077,1.211172386,100.7386337,0.000467422,0.000487201,0.06784756,0.062471379,1.029900388,0.007313135,0.007330699,1,97,4,Rd/MLERS,HuBL,,,CpxCPk,Terraced,Floor Deposits,,,3,2,3
11-1-011183,-24.94456798,86.76681589,-24.94582762,86.76331771,23.10471992,0.343228359,23.74307884,22.03127013,0.372822119,1.077699048,119.1149686,0.000399975,0.000543269,0.057956371,0.078241078,1.573241011,0.009952129,0.004644192,0.83564478,119,,,,,,CpxUnc,,Floor Deposits / Slump Deposits,,,1,1,1
08-1-000366,-44.78637673,333.2686333,-44.79053165,333.2684633,17.1204884,0.312582189,18.29897344,16.35512926,0.448519497,1.118852266,95.51479884,0.000375321,0.000342535,0.055645939,0.036235629,0.940017756,0.006701044,0.004209612,0.84314233,96,,,,,,CpxUnc,,Floor Deposits,,,1,1,1
16-1-010013,-70.67704581,157.5271775,-70.67792181,157.5553219,40.21814087,0.469984375,41.61978912,40.14230778,0.264080989,1.036806089,169.8596359,0.001067034,0.01393585,0.586108672,0.146673193,7.269283011,0.051249928,0.015084225,0.60497177,132,,Rd,,,,CpxUnc,,Ejecta Deposits / Floor Deposits,,,2,2,1
12-1-004755,-54.59355552,22.35147283,-54.59380337,22.35082272,15.2163016,0.384457762,15.51162731,14.74197912,0.311083762,1.052207929,108.7695573,0.000644494,0.001140371,0.079891872,0.098994496,6.077181115,0.024571832,0.008904706,0.86255473,106,,,,,,CpxUnc,,Floor Deposits,,,1,1,1
08-1-000956,-45.58132818,327.8555396,-45.58084252,327.8561275,28.84317336,0.434260218,29.6079055,28.09982446,0.315080589,1.0536687,162.7543622,0.00043237,0.0006828,0.069299108,0.064556021,2.010431717,0.009375607,0.003455678,0.94749069,189,,,,,,CpxFF,,Slump Deposits / Floor Deposits,,,2,1,1
03-1-028482,-40.94774864,269.9173285,-40.94779236,269.9173348,11.87368079,0.181536482,12.12731222,11.60597043,0.290051832,1.044920137,49.55348045,0.000361627,0.000516872,0.055589493,0.053737124,4.886070846,0.020572862,0.006808001,1,82,,,,,,CpxFF,Terraced,,,,2,1,2
10-0-011795,37.21230117,46.73666063,37.21257706,46.73706386,20.72533321,0.491401601,21.42953739,19.99792869,0.359371435,1.071587849,12.44255614,0.000627432,0.000858199,0.097712869,0.091285026,3.131054786,0.015634816,0.006913845,1,144,,,,,,CpxFF,,Slump Deposits / Floor Deposits,,,1,1,1
07-1-013343,-20.4904574,300.3331248,-20.49098816,300.3332213,18.48701688,0.693665181,20.09505316,16.93767824,0.538104707,1.186411318,125.0596699,0.000579292,0.00080123,0.093512672,0.084242295,1.541224691,0.00899263,0.008080893,0.84477258,93,,,,,,CpxFF,,Floor Deposits / Slump Deposits,,,1,1,1
14-1-013586,0.20952084,109.6330164,0.209658185,109.6291219,11.09413963,0.258659542,11.90519385,10.77270311,0.425679022,1.105125959,179.4534869,0.000440302,0.000955097,0.144126162,0.063263715,3.022386787,0.025881484,0.014869856,0.78968614,50,,,,,,CpxFF,,Ejecta Deposits / Floor Deposits,,,2,1,2
12-1-002839,-49.56563615,75.71312934,-49.56579192,75.71265979,15.27466809,0.304891581,15.8351558,14.72118143,0.368439263,1.075671533,49.69984025,0.000440646,0.000861125,0.074093226,0.066112964,3.27311243,0.015213264,0.006976335,0.88867742,106,,,,,,CpxFF,,Slump Deposits / Floor Deposits,,,2,1,1
03-1-027790,-40.42143429,196.7587216,-40.42138815,196.7586723,20.65830184,0.254000665,20.84547445,20.42093044,0.200792688,1.020789651,92.93834881,0.000404029,0.000557641,0.057790982,0.062157637,6.652409384,0.019677701,0.004202725,1,141,3,MLERS,HuBL,,,CpxCPk,Gullies,Slump Deposits,,,3,2,3
10-0-001964,2.493377506,39.70093392,2.4933644,39.70090253,15.71818398,0.274542323,16.13785237,15.28185905,0.321359058,1.05601369,161.0119371,0.000502982,0.000522187,0.076907592,0.073034786,4.001725528,0.018833227,0.007127282,1,93,,,,,,CpxFF,,,,,2,1,1
06-1-014485,6.83884971,297.495503,6.838872453,297.4955682,12.61365041,0.213334475,13.01742667,12.20600267,0.347536843,1.066477456,61.83899128,0.000424572,0.000427692,0.063301934,0.059895155,3.545438416,0.017477314,0.007367677,0.97215021,68,2,DLERS,HuBL,,,CpxCPt,Terraced,,,,4,3,4
02-1-004715,19.21155492,196.1763976,19.21199831,196.1768204,14.7564713,0.499179534,15.12017605,14.28059429,0.328589744,1.058791794,73.49288084,0.000921812,0.000954963,0.127733638,0.129132299,7.669731815,0.033593891,0.013102254,1,81,,,,,,CpxFF,,,,,2,1,1
11-0-010504,-2.645049614,42.84385704,-2.645071213,42.8440297,22.44902339,0.801050258,23.36606644,21.26979703,0.413980526,1.098556155,39.73936632,0.001461821,0.001425875,0.210624343,0.2010426,4.741076714,0.026143194,0.014348462,1,137,,,,,,CpxFF,,Floor Deposits,,,1,1,1
08-1-001814,-46.25537186,354.1830452,-46.25534562,354.1829422,15.52338546,0.175666319,15.76015112,15.30146162,0.239503035,1.029976842,166.3325616,0.000334231,0.000544005,0.05547965,0.048528203,5.196587096,0.018648596,0.004880222,0.97635102,111,,,,,,CpxFF,,Floor Deposits,,,1,1,1
03-1-028245,-40.65801913,237.7272909,-40.65805807,237.7272215,13.20132419,0.240805352,13.60917086,12.76464186,0.346786413,1.066161589,123.3862853,0.000392971,0.000544632,0.059082884,0.057937546,3.235295981,0.015933546,0.006696434,1,91,1,SLERS,HuBL,,Ejecta is partially buried by deposits.,CpxFF,,,,,3,2,3
04-1-008494,-60.63441731,229.4775753,-60.63425589,229.4781484,31.35841725,0.558830522,32.00057865,30.6563737,0.286787056,1.043847487,45.36504985,0.000507398,0.001194123,0.078948901,0.077984571,2.835444782,0.011340214,0.003699065,1,288,,,,,,CpxCPk,Terraced,Dunes / Slump Deposits / Floor Deposits,,,2,1,2
12-1-002569,-50.34364877,24.57670824,-50.34360263,24.57659563,18.03790343,0.305946088,18.27690184,17.72680201,0.243495965,1.031032097,118.7025472,0.000512705,0.000880616,0.075364394,0.079874723,6.702491143,0.023596793,0.0062974,0.97672069,134,,,,,,CpxFF,,Floor Deposits,,,1,1,1
06-1-015652,4.199499641,315.0116481,4.199345221,315.01149,20.72521658,0.413521791,21.61672824,19.78241934,0.403127081,1.092724195,9.679132511,0.000555877,0.000583793,0.08392172,0.081187219,2.101718686,0.011736351,0.006173149,1,110,3,MLERS,HuSL,,,CpxSuPt,Terraced,,,,4,2,4
08-1-008592,-61.20951864,284.2325524,-61.20852896,284.2228523,12.68928098,0.438403845,13.54583544,10.93781179,0.589913078,1.23844108,79.80960414,0.000399474,0.001002511,0.057414576,0.079162198,1.053461043,0.00927005,0.010387144,0.81242365,94,,,,,,CpxFF,,Floor Deposits,,,1,1,1
04-1-003399,-49.30643074,263.2492264,-49.30634051,263.2493809,12.99401651,0.561786616,13.47634404,12.27200588,0.413215721,1.098137027,71.16958008,0.000813681,0.001338604,0.11497597,0.127743209,4.796689085,0.027009814,0.014779782,1,101,1,SLEPS,SmSL,,,CpxFF,,Slump Deposits / Floor Deposits,,,2,2,2
11-0-003553,-22.23407503,37.05118909,-22.23381848,37.0513281,31.56047862,0.540496857,31.6522433,31.40541444,0.124641421,1.007859436,84.71772073,0.000677375,0.000740935,0.098733328,0.100759186,18.49090081,0.035343401,0.004509939,0.98992991,197,,,,,,CpxFF,Gullies / Channel W,Valley Deposits / Slump Deposits,,,1,1,1
15-1-010650,-12.05739654,123.6611812,-12.05638743,123.6607911,71.33668203,1.668606091,72.85188398,69.61524422,0.29475673,1.046493262,104.7259598,0.001558074,0.001534484,0.227639811,0.215319457,3.204960556,0.01362018,0.004601039,0.96567136,426,,,,,,CpxFF,Terraced,Ejecta Deposits / Floor Deposits / Slump Deposits / Dunes,,,2,1,1
15-1-025755,-24.54468795,106.3527681,-24.54609459,106.3532519,12.25193784,0.1802385,12.90332337,11.77926988,0.40821344,1.095426414,119.7444268,0.000279922,0.00024353,0.042568209,0.031366562,1.422874712,0.008655105,0.004644182,0.86489624,68,,,,,,CpxFF,,Ejecta Deposits / Floor Deposits,,,2,1,1
16-1-006828,-56.82788932,147.5283406,-56.82620247,147.5278343,22.61537037,0.383464276,23.24453315,22.05856856,0.315339956,1.05376435,106.88156,0.000576651,0.000918278,0.088317465,0.074847123,2.792119055,0.014547795,0.005367928,0.8799684,162,,Rd,,,,CpxFF,,Slump Deposits,,,1,2,2
11-1-008199,-21.46098265,54.83434615,-21.45327114,54.82882131,21.37894164,0.439492671,22.99693661,20.95361109,0.412079431,1.097516629,130.0375969,0.002792665,0.001380577,0.360070374,0.121645485,4.593125516,0.033642335,0.01832738,0.71487552,85,2,DLERS,HuBL,,,CpxCPt,,Floor Deposits,,,2,2,2
08-2-000466,-52.0038452,278.8065909,-52.00377291,278.8088594,101.1009191,3.958365635,109.1105258,92.14877716,0.53548418,1.184069167,95.248248,0.001843537,0.002758895,0.260931167,0.246612234,0.714559181,0.004780552,0.004249677,0.99236625,869,,,,,,CpxFF,,Floor Deposits / Slump Deposits,2,(Could be ring of CpxPkRg),3,2,2
15-1-007292,-8.93903107,101.6578313,-8.938458108,101.656972,11.42057526,0.22122285,11.87670208,10.84948412,0.406816652,1.094678969,73.35986909,0.00031318,0.000318059,0.043673372,0.048512308,2.023642279,0.011875443,0.006337367,0.86590701,61,,,,,,CpxFF,,Ejecta Deposits / Floor Deposits,,,2,1,1
11-0-007091,-10.70621748,20.50831632,-10.70615239,20.50867244,27.26564346,0.427108911,28.00258622,26.49616188,0.323570397,1.056854436,173.4387114,0.000559344,0.000589778,0.084667128,0.081954607,2.529893418,0.011968109,0.004571301,1,165,,,,,,CpxUnc,,Floor Deposits,,,1,1,1
11-0-001066,-34.48010402,34.42293778,-34.48791801,34.41698957,23.47047232,0.618283999,25.00631716,20.92689986,0.547410046,1.194936533,147.0033253,0.000438081,0.000520453,0.059865477,0.072984732,0.631584658,0.005412022,0.005054833,0.81867647,125,,,,,,CpxFF,,Slump Deposits,,,1,1,1
15-1-043986,-41.82861155,130.9980711,-41.71656447,131.1915171,211.8504151,4.620929859,262.3006254,199.9864879,0.647067909,1.311591739,19.83440382,0.003253456,0.0059429,0.91865684,0.13531773,0.209504856,0.003204529,0.004678537,0.26802531,381,,,,,,CpxUnc,,Tectonics / Ejecta Deposits / Floor Deposits,3,,1,1,1
03-1-009350,-18.55054405,187.9774758,-18.56344872,187.9791291,15.99299484,0.295561663,16.37560681,13.89068084,0.529588935,1.178891589,6.772362768,0.000824614,0.000429923,0.054397971,0.123974171,1.130280376,0.012938799,0.011226761,0.72035164,63,,,,,,CpxUnc,,Floor Deposits,,,1,1,1
07-1-006320,-8.439885318,330.396016,-8.440120062,330.396219,36.31824217,0.680968981,36.89023761,35.65590289,0.256514652,1.034617963,138.468424,0.000887935,0.000910703,0.130810492,0.128506207,4.924595352,0.018413375,0.005231011,0.97834319,207,,,,,,CpxFF,Terraced,Fractured,,,1,1,1
08-1-010452,-70.50246231,272.823318,-70.50275984,272.8231313,20.4175733,0.519313514,21.14581443,19.55410024,0.380631632,1.081400534,79.74021157,0.001012952,0.002892278,0.147755569,0.143344876,4.099999013,0.022751938,0.010951737,1,126,,Rd,,,,CpxCPk,,Slump Deposits / Floor Deposits,,,3,2,3
10-0-007415,21.62413652,36.51833159,21.62333991,36.51951223,63.37979128,1.869324127,64.70113209,61.67983322,0.302013112,1.048983577,153.4765125,0.001578807,0.001734359,0.227873761,0.229646409,3.62441416,0.015421847,0.005376111,0.97445327,386,,,,,,CpxUnc,Gullies,Ejecta Deposits / Slump Deposits,,,1,1,1
06-2-000186,37.46502408,300.5729008,37.48261356,300.5625946,79.62823787,2.220387573,84.92877885,76.14629073,0.442861646,1.115337044,114.2176584,0.005217554,0.002265914,0.55182758,0.322999773,2.423326087,0.014085033,0.008654547,0.74322134,327,,,,,,CpxUnc,,Ejecta Deposits / Floor Deposits,,,2,1,1
12-1-002004,-48.04431843,49.38777145,-48.04165613,49.38021883,29.81491438,0.737868871,31.95015158,28.29647871,0.464363727,1.129121115,133.8859547,0.000583522,0.00132394,0.123369445,0.079024844,1.352308411,0.008049353,0.005380726,0.82115382,180,,,,,,CpxUnc,,Floor Deposits / Slump Deposits,,,1,1,1
10-0-009487,28.45178396,2.983249224,28.45553568,2.982078216,50.67075867,1.256232304,52.56784907,48.90872827,0.366565064,1.074815292,91.86093133,0.001580818,0.001469811,0.240679634,0.190014415,2.473172209,0.014179823,0.006453917,0.88962924,293,,,,,,CpxFF,,Slump Deposits / Floor Deposits,,,1,1,1
15-1-015358,-16.15150495,147.0246715,-16.15032444,147.0256862,12.68370002,0.19954922,13.10608179,12.42617206,0.317904978,1.054715943,58.02137487,0.0006811,0.001103616,0.134862546,0.077418769,7.888285133,0.034014906,0.012687415,0.74202597,56,,,,,,CpxFF,,Floor Deposits,,,1,1,1
14-1-007343,15.47783024,170.4914094,15.47514125,170.4921683,19.71538773,0.312267981,20.70828696,19.07333437,0.389448152,1.085719285,121.4155727,0.000682075,0.000427894,0.093329983,0.058946495,2.210524803,0.011903773,0.005933172,0.81978965,89,,,,,,CpxFF,,Ejecta Deposits,,,2,1,3
03-1-026143,-38.26567326,206.7671031,-38.26582215,206.7671108,12.2851836,0.2578563,12.66426792,11.92601842,0.336436639,1.061902429,8.841228275,0.000441877,0.000628297,0.071730435,0.06370226,4.30200518,0.020521396,0.008267306,1,82,,Rd,,,There may be a cohesive lobe within the Rd ejecta.,CpxCPt,Terraced,Slump Deposits,,,3,2,3
16-1-002897,-50.09544963,111.9940093,-50.09544182,111.9940008,17.86890339,0.39019774,18.40874878,17.21619537,0.35407213,1.069269277,71.91129801,0.000484528,0.000798033,0.07033527,0.073788504,2.856325928,0.014183377,0.006139495,0.97902232,136,,,,,,CpxFF,Terraced,Floor Deposits / Slump Deposits,,,2,1,2
12-1-002234,-47.93768805,19.5594605,-47.90036569,19.57241647,14.22579564,0.654721953,20.00980835,13.36248825,0.744343525,1.497461249,76.20195073,0.006008377,0.002687612,0.795708477,0.128076943,1.529974894,0.024506933,0.061253252,0.7671057,74,,,,,,CpxFF,,Floor Deposits,,,1,1,1
06-1-012745,9.279261438,341.4807718,9.279388661,341.4807074,10.90799506,0.208236008,11.30110428,10.50757044,0.368109039,1.075520202,162.9665267,0.000366604,0.000387245,0.055200647,0.052629372,3.233297832,0.016430258,0.007524481,0.94468021,59,1,SLERS,HuSL,,,CpxSuPt,,Slump Deposits,,,4,2,4
10-0-007456,21.32123177,45.88442658,21.3212769,45.8842989,12.89756092,0.149391649,13.07646365,12.7235461,0.230757725,1.027737357,141.3357071,0.000355706,0.000401419,0.056475802,0.051345608,6.824151024,0.0242509,0.00607478,0.93496197,76,,,,,,CpxFF,,,,,1,1,1
02-1-006668,5.425336886,234.6625149,5.425736008,234.6667575,11.22250428,0.29989093,12.48420757,10.54200852,0.535669817,1.184234252,177.2789084,0.000361201,0.000684141,0.097172798,0.046760219,1.598588031,0.011925512,0.010609308,0.75186342,46,,,,,,CpxFF,,Floor Deposits,,,1,1,1
01-3-000490,51.077379,198.8742257,51.08765431,198.8490068,33.5062235,1.445862085,37.87734811,29.02243305,0.642576713,1.305105883,18.90512058,0.000411003,0.001159877,0.086457108,0.07216167,0.458034615,0.00308382,0.004405054,0.60819012,165,,,,,,CpxUnc,,Floor Deposits,,,1,1,1
10-0-000036,0.949296164,10.01522543,0.949088704,10.01536656,11.66232352,0.27349084,12.11428223,11.20114865,0.380882654,1.081521424,121.6604746,0.000726665,0.000506439,0.085246828,0.079106326,5.112533219,0.022377912,0.010782417,0.81878722,56,,,,,,CpxFF,,Floor Deposits,,,1,1,1
15-1-033847,-31.18258901,111.1509025,-31.18256326,111.1508053,12.41367282,0.293899636,12.99362581,11.80363191,0.418065028,1.100815911,113.8617244,0.000425717,0.000488915,0.061504486,0.059235484,2.453755109,0.01361708,0.007594023,1,81,,,,,,CpxFF,,Floor Deposits,,,3,2,2
14-3-000233,2.619031899,104.6366325,2.619460985,104.6350239,42.35651539,0.735117994,44.90942252,41.12179585,0.401951958,1.092107521,107.8520295,0.00110563,0.000658822,0.174511925,0.082426419,1.937302185,0.00912039,0.004775114,0.48095024,113,,,,,,CpxFF,,Floor Deposits / Ejecta Deposits / Tectonics,3,,1,1,1
15-1-006727,-8.60324185,111.8303773,-8.57813354,111.8255908,38.50214466,0.800874172,38.68952744,34.65726095,0.444499973,1.116346947,8.736444531,0.003257428,0.001396781,0.133969771,0.46062946,2.259751905,0.024794059,0.01533264,0.69947422,133,,,,,,CpxUnc,Terraced,Ejecta Deposits / Floor Deposits / Slump Deposits,,,2,1,1
16-1-000415,-44.06438403,136.9253295,-44.06730658,136.9288126,31.62772621,0.532061399,32.46274854,31.17807428,0.278534577,1.041204413,114.7447623,0.001407303,0.002003248,0.247727293,0.109938989,5.808494386,0.027839407,0.008752802,0.75318915,166,,,,,,CpxFF,,Floor Deposits / Slump Deposits,,,1,1,1
03-1-005584,-13.82475258,208.8623852,-13.82485376,208.8626759,18.72027027,0.350886251,19.1089535,18.26767542,0.293449212,1.046052826,21.86096474,0.000713287,0.000758793,0.105852711,0.103413683,5.872393115,0.024666407,0.008285137,1,114,,,,,,CpxFF,,Ejecta Deposits / Slump Deposits / Floor Deposits,,,1,1,1
08-1-006162,-56.71987356,349.4836576,-56.72620846,349.6717829,25.65123733,0.392602987,21.85079203,12.5944448,0.817179048,1.734954766,86.38060981,0.000701873,0.003725848,0.08052019,0.284227605,0.487994518,0.009296245,0.039672469,0.60634965,74,,,,,,CpxUnc,,Slump Deposits / Floor Deposits,,,1,1,1
10-0-011834,37.57726989,8.644171886,37.57729162,8.643977692,32.8827947,0.925965517,34.29878132,31.08003064,0.422944608,1.103563305,102.9739006,0.001228455,0.001559023,0.172695401,0.179816254,2.620034627,0.014890228,0.008464018,0.93551034,207,,,,,,CpxUnc,Gullies / Channel SW / Terraced,Channel / Floor Deposits,,,1,1,1
11-0-004286,-18.39730765,41.85746329,-18.39760881,41.85747608,18.15966299,0.415823249,18.49044814,17.77396894,0.275673301,1.040310591,25.61670912,0.000637547,0.000676664,0.09442102,0.093068063,5.955832476,0.024514968,0.007608781,0.96179432,110,,Rd,,,,CpxCPt,Terraced,,,,3,2,3
02-1-004409,20.28151079,217.824745,20.28149314,217.8247171,27.01628035,0.741918694,28.16683995,25.83811379,0.3981419,1.09012756,109.476382,0.001156263,0.001143705,0.170178584,0.153601569,3.211455286,0.017914379,0.009239992,0.93037689,136,1,SLERS,HuBL,,,CpxFF,,Floor Deposits,,,3,2,1
06-0-001431,19.74612877,344.2115101,19.74615394,344.2115374,20.9914434,0.245353849,21.14116669,20.82446352,0.172442427,1.015208227,26.85379935,0.000495949,0.000624969,0.079467996,0.072398321,12.19247967,0.028809174,0.005198048,0.89198965,117,,,,,,CpxFF,Terraced,Floor Deposits,,,1,1,1
11-0-008882,-6.852788827,22.46878476,-6.852810327,22.46894028,26.22011684,0.493768822,27.4401625,24.99903286,0.412322233,1.097648963,150.5333193,0.000496291,0.000515048,0.075932939,0.07128914,1.38292644,0.007998734,0.004361626,1,156,,,,,,CpxUnc,Gullies,Floor Deposits,,,1,1,1
11-0-002120,-29.78966166,14.37501721,-29.78957172,14.37488708,10.46597592,0.219845017,10.61739986,10.28384288,0.248686894,1.032435052,65.07282997,0.000480627,0.000556875,0.069646796,0.068585666,9.97050624,0.03528961,0.009658017,1,69,,,,,,CpxUnc,,Floor Deposits,,,1,1,1
15-1-004714,-6.210462728,93.60993589,-6.211382846,93.60998064,26.18957097,1.029289488,26.70930453,25.41789931,0.307185635,1.050806921,159.9498835,0.001366753,0.001389941,0.202430143,0.201266199,7.013664863,0.032314563,0.011517758,1,162,3,Rd/MLERS,HuBL,,,CpxCPk,Gullies,Slump Deposits,,,4,2,3
10-1-001196,38.90072605,20.311573,38.90071258,20.31158883,12.29603164,0.215258685,12.3689527,12.18939207,0.169774391,1.014730893,143.8916634,0.000492192,0.000860031,0.076839274,0.079996636,24.56351246,0.05169375,0.009169863,0.83500135,71,,,,,,CpxFF,Gullies,Floor Deposits,,,1,1,1
10-0-004229,12.45063727,61.43652214,12.45109613,61.44824825,49.62708468,1.805391726,53.21445485,45.73048981,0.511367429,1.163653726,66.45432758,0.002303876,0.003554126,0.361842141,0.354977147,2.64496279,0.014903026,0.012008225,0.60551369,171,,,,,,CpxFF,,Ejecta Deposits / Floor Deposits,,,1,1,1
01-1-001549,54.48527869,213.4251896,54.48490871,213.4262502,113.9575748,2.332926056,115.1762182,112.4869003,0.214834783,1.023907832,78.18138352,0.001163607,0.001942029,0.169986475,0.1629532,2.879212461,0.009181901,0.002117482,0.98764694,1277,,Rd,,,There may be a cohesive lobe within the Rd ejecta.,CpxCPt,Gullies / Terraced,Dunes / Slump Deposits,,,2,2,2
11-0-003121,-24.33058311,24.66611661,-24.33061315,24.66597267,34.4500018,0.538329072,35.30300516,33.56178727,0.310179795,1.051880964,99.7630346,0.000539111,0.000574801,0.077748613,0.075666536,2.087254071,0.009183279,0.00331521,1,222,,,,,,CpxFF,,Floor Deposits,,,1,1,1
15-1-004492,-5.327840282,107.1996068,-5.327975526,107.1996054,36.67168165,0.640008309,38.08010218,35.25237289,0.378154247,1.080213871,88.26094235,0.000561263,0.000532581,0.080753202,0.076814858,1.31888251,0.00689074,0.003284461,1,222,,,,,,CpxFF,,Ejecta Deposits / Slump Deposits / Floor Deposits,,,2,1,1
12-1-002017,-48.71864681,46.82004755,-48.71812508,46.82007061,10.02170075,0.536765811,11.49400913,8.439134557,0.678911324,1.361989082,115.0557053,0.000449486,0.000645958,0.066543615,0.059028848,0.968688395,0.007209671,0.012366574,1,75,,,,,,CpxFF,,Floor Deposits,,,2,1,1
07-0-000345,-6.262313688,348.8684277,-6.261902492,348.8686362,30.27003918,0.688765757,30.49361185,29.97403985,0.183812715,1.017334066,15.10857146,0.000781574,0.000790103,0.114677843,0.112498013,10.22240487,0.027928513,0.005405229,0.95976144,184,2,DLERS,HuBL,,,CpxFF,Terraced,Fractured / Floor Deposits,,,3,2,2
03-1-019892,-31.72341951,212.3362276,-31.7231319,212.3360828,21.07634187,0.543900652,21.89208406,20.15098294,0.390815775,1.086402788,111.5602228,0.000718224,0.00084948,0.105038985,0.104065841,2.796370149,0.015282201,0.007658269,1,135,3,MLERS,HuBL,,,CpxCPk,Terraced,Floor Deposits,,,3,3,3
11-0-010067,-4.380561425,36.08257924,-4.382342181,36.08782832,15.10133219,0.383061747,16.3233648,14.46376196,0.463537627,1.12856979,163.9794436,0.000929199,0.001672887,0.254286411,0.123856505,3.610960832,0.030109608,0.020062052,0.81193638,71,,,,,,CpxFF,,Ejecta Deposits,,,1,1,1
08-1-011961,-75.50180774,326.4276562,-75.50171904,326.428051,11.91713243,0.154384064,12.43089633,11.40927637,0.39700588,1.089542924,48.65616743,0.000196088,0.000778522,0.029423488,0.027763422,1.28018592,0.007203041,0.003698672,1,73,1,SLEPS,SmSL,,,,,Slump Deposits,,,3,2,3
03-1-004725,-12.39704576,213.5155409,-12.39755424,213.5183537,15.75378375,0.35655615,16.08935425,15.03779695,0.355588367,1.069927617,87.17006868,0.000646155,0.000955173,0.086451247,0.139609317,4.496172781,0.026351751,0.011476784,0.78804493,71,,,,,,CpxUnc,,Floor Deposits,,,1,1,1
15-1-040625,-38.24449626,95.55965694,-38.19026056,95.46777633,26.44362952,0.871280708,38.61580955,27.13618418,0.711464405,1.423037568,143.8057686,0.022107098,0.026376584,3.577507795,0.938791319,3.133780339,0.068639898,0.140727479,0.62894809,96,,,,,,CpxFF,,Floor Deposits,1,,1,1,1
04-1-002217,-48.11336091,249.3613921,-48.11338126,249.3609174,41.28980069,0.729309042,41.7441174,40.66084755,0.226333966,1.026641595,124.064481,0.000783702,0.001322443,0.115000708,0.126223332,5.269176272,0.017398274,0.004261009,0.94950557,285,,,,,,CpxFF,,Ejecta Deposits / Floor Deposits / Slump Deposits,,,1,1,1
04-1-005814,-55.13110275,206.8728717,-55.13003297,206.9391807,26.72300619,0.624308583,27.13208823,17.84847141,0.753160977,1.52013512,92.96884295,0.000590003,0.002537928,0.081607878,0.319904441,0.528294367,0.010442338,0.0276269,0.30481249,78,,,,,,CpxFF,Terraced,Ejecta Deposits / Slump Deposits / Floor Deposits,,,1,1,1
16-1-006320,-55.20322398,109.7246309,-55.20333897,109.7233471,11.19684983,0.409037685,11.76598934,10.38296528,0.470395366,1.133201261,112.5555697,0.000595328,0.001190172,0.087935223,0.100340543,3.108826725,0.020224466,0.013843989,0.91104782,87,,,,,,CpxFF,,Floor Deposits,,,2,1,1
03-1-026503,-38.80259263,242.8047403,-38.80248803,242.8038668,17.85819636,0.376407701,18.28116168,17.45231517,0.297694564,1.047492066,10.09371215,0.000799971,0.001070856,0.117123106,0.094273768,7.260423919,0.025655267,0.008778083,0.8179965,96,,,,,,CpxUnc,,Floor Deposits / Tectonics,3,,1,1,1
10-0-009061,27.3168577,67.89289217,27.31712858,67.892578,33.35801155,0.672360469,35.137578,31.45110172,0.445896539,1.117212946,109.2094178,0.000525598,0.000631331,0.07690583,0.076455424,1.043254842,0.005877368,0.003654474,0.90021914,183,,,,,,CpxFF,,Ejecta Deposits / Slump Deposits,,,1,1,1
10-1-001479,38.05778334,34.5411753,38.05797772,34.54131314,67.61606331,0.969022514,68.98775482,66.00363821,0.290930279,1.045211396,99.24604782,0.000864555,0.001124596,0.124092139,0.129088751,1.999498598,0.008360338,0.002777315,0.99157661,434,,,,,,CpxFF,Channel NW / Channel SE / Gullies,Floor Deposits,,,1,1,1
07-1-026297,-41.19540969,322.7684929,-41.1952138,322.7685044,23.95926904,0.515117465,24.61668127,23.17554103,0.337133751,1.062183672,113.5725872,0.000543407,0.000761781,0.078714476,0.082571802,2.651154064,0.012586208,0.005085059,1,164,,,,,,CpxFF,,Slump Deposits / Floor Deposits,,,2,1,2
03-1-015086,-25.99049292,187.1581431,-25.99999303,187.159019,18.01436784,0.315188729,19.7802968,17.46670311,0.469306307,1.132457378,101.9122621,0.001694787,0.00059227,0.212218033,0.071288666,2.441311478,0.019072098,0.012999314,0.73371625,75,,,,,,CpxUnc,,Floor Deposits / Slump Deposits,,,2,1,1
15-1-011978,-13.30503992,158.1202403,-13.30505892,158.1204967,12.39142057,0.238175862,12.4436931,12.26159049,0.170452635,1.014851468,111.7542883,0.000672145,0.001217012,0.099968591,0.142344912,36.28599324,0.080418283,0.014327353,0.778741,59,,,,,,CpxFF,,Floor Deposits,,,1,1,1
04-1-001265,-45.36003425,191.2587692,-45.36032674,191.2589069,16.79028153,0.488334741,17.28720771,16.28382298,0.335730836,1.061618499,168.7164633,0.000727962,0.001161274,0.119130764,0.104286402,5.206596496,0.024863062,0.009987373,1,123,,,,,,CpxFF,,Fractured / Slump Deposits / Floor Deposits,,,1,1,1
02-1-002356,31.67366564,182.3032245,31.66266184,182.2882998,61.29103189,1.175667384,65.98168388,58.87170215,0.451555369,1.120770786,48.78886961,0.001586841,0.002297734,0.329587354,0.16028823,1.356113495,0.010029712,0.006376023,0.60524887,184,,,,,,CpxFF,,Floor Deposits,,,1,1,1
06-1-005326,30.48084832,273.492389,30.48097967,273.4927911,15.05411723,0.314925687,15.58072015,14.48022515,0.369154211,1.075999854,66.29768445,0.000604889,0.000691529,0.088706345,0.085972802,3.670884263,0.019246432,0.008851048,1,91,1,Rd/SLEPS,HuSL,,,CpxCPt,Terraced,Floor Deposits,,,3,2,3
08-1-002983,-50.01346083,350.8898327,-50.01341268,350.8898751,13.11129479,0.241437937,13.35044416,12.82414137,0.278011032,1.041040003,110.09703,0.000434439,0.000682626,0.062410985,0.064228505,5.620167104,0.022738717,0.00713231,0.94476384,97,1,SLEPS,HuAm,,,CpxCPk,Terraced,Slump Deposits / Floor Deposits,,,2,2,3
03-1-027314,-39.77826796,212.7098765,-39.7783918,212.7095419,14.4397043,0.350735895,14.74729927,14.10455041,0.292008164,1.045570319,8.508720071,0.00070875,0.001014305,0.114250374,0.101891386,7.792935884,0.033182232,0.011075423,0.9719106,96,,,,,,CpxFF,,Floor Deposits,,,1,1,1
06-1-008215,21.89866952,304.3067982,21.8980253,304.3050051,10.45419961,0.130495822,10.52645837,10.12502191,0.273527958,1.03964796,119.2556439,0.000526598,0.001589284,0.068436625,0.188809076,13.22367599,0.066797789,0.020531597,0.70356429,38,,,,,,CpxFF,,Floor Deposits,,,1,1,1
05-1-001749,52.82923831,272.7101463,52.82892872,272.7093817,15.21813624,0.246994119,15.63187356,14.85432111,0.311462254,1.052345203,50.44426419,0.000274733,0.000479205,0.043967124,0.037825985,2.427297452,0.010999979,0.003992749,0.91221279,175,,Rd,,,,CpxFF,,,,,2,2,2
01-3-000002,85.09745718,234.6996932,85.08932018,234.658264,10.78634059,0.18696537,12.12544542,10.69089973,0.471826719,1.134183814,71.2994539,0.001554399,0.01105534,0.228855003,0.049390172,2.592824324,0.032014636,0.02203847,0.66997993,39,,,,,,CpxUnc,,Floor Deposits,2,,1,1,1
15-1-023527,-22.34259766,151.3553832,-22.34325041,151.3536932,15.40882152,0.971387259,17.98821938,12.80573244,0.70228541,1.404700549,141.2652685,0.001007301,0.001168147,0.166470095,0.13436489,1.313898539,0.010096154,0.01965264,0.95119894,96,,Rd,,,,CpxFF,Terraced,Slump Deposits / Floor Deposits,,,1,2,1
11-0-006364,-12.6369265,81.32517213,-12.63680867,81.32510192,12.33505946,0.220028986,12.43754369,12.20398622,0.192883953,1.019137802,127.3280191,0.000527758,0.000533487,0.077122825,0.074531295,15.24214455,0.043443107,0.008869838,1,77,,Rd,,,There may be a cohesive lobe within the Rd ejecta.,CpxCPk,Terraced,Floor Deposits,,,3,2,2
12-1-010245,-68.33019023,45.80306953,-68.32996627,45.80339498,17.86374658,0.327458423,18.61183937,17.09745738,0.395110955,1.088573521,62.70238526,0.000255865,0.000677046,0.036887384,0.03572887,1.151797468,0.006151385,0.0031352,1,112,,Rd,,,,CpxUnc,,Floor Deposits,,,3,2,2
07-0-003295,-34.3966803,347.0470313,-34.39716794,347.0467167,35.37084137,0.849100838,36.39968117,34.25194211,0.33841862,1.062704154,33.6889327,0.000880499,0.001079119,0.129143542,0.124825913,2.839139118,0.013307956,0.005405088,0.95254505,226,,,,,There may be a lobe here.,CpxFF,Gullies,Slump Deposits / Floor Deposits,,,2,2,1
10-0-007904,22.99485364,0.860552864,22.99522289,0.861015638,39.00867783,0.719988536,39.66290873,38.21648115,0.26759319,1.037848267,131.7728509,0.001025685,0.001167104,0.153875536,0.152762345,4.865021424,0.019326113,0.005781242,0.8736881,210,,Rd,,,,CpxFF,Gullies,Slump Deposits / Floor Deposits,,,1,1,1
06-0-001180,21.69991561,350.48085,21.70020181,350.4813339,15.11356606,0.40137582,15.53933543,14.67419271,0.329012318,1.058956751,51.23199156,0.000635671,0.000772916,0.099296228,0.090642286,5.589475598,0.024088493,0.009411448,0.90150088,91,,,,,,CpxFF,,,,,1,1,1
11-1-015474,-33.38802474,63.76623732,-33.38806443,63.7660482,20.56604182,0.3741493,20.82507494,20.22681695,0.237971129,1.029577466,68.8495234,0.000610921,0.000762738,0.087002656,0.091517348,7.226075837,0.024413114,0.006340515,1,133,,Rd,,,,CpxCPk,,Floor Deposits,,,2,2,1
03-1-009344,-18.54320408,187.2628282,-18.54422979,187.2623216,10.04836954,0.281199472,10.3190043,9.608407131,0.364669454,1.073955772,163.0878549,0.000734504,0.000693998,0.092364427,0.114547201,6.111317211,0.035443873,0.01601031,0.83381617,52,,,,,,CpxFF,,Ejecta Deposits / Floor Deposits,,,1,1,1
11-0-006157,-12.7277338,32.72693159,-12.7258374,32.72625641,18.20999797,0.416269261,18.9805917,17.2027253,0.422565467,1.10334795,179.1399924,0.000541902,0.000513994,0.070220013,0.07945641,1.980669324,0.011503802,0.006529394,0.85809922,95,,,,,,CpxUnc,,,,,1,1,1
15-1-017081,-16.31880274,134.4784192,-16.31450382,134.4778395,10.41588814,0.606921973,12.34130774,9.038061559,0.680936687,1.365481708,107.5702845,0.001168719,0.000724937,0.163716181,0.099857392,1.834240224,0.013597702,0.023573817,0.86429632,57,,,,,,CpxFF,,Ejecta Deposits / Floor Deposits / Slump Deposits,,,2,1,1
11-0-010642,-2.949442365,14.27839404,-2.949471659,14.27851368,10.17220103,0.22000961,10.54155316,9.782642988,0.3725609,1.077577213,148.2486137,0.000448028,0.000456563,0.06723903,0.064542115,3.999541104,0.021212737,0.009888699,0.96635854,60,2,DLERS,HuSL,,Ejecta is partially buried by deposits.,CpxFF,,,,,3,2,3
12-1-009771,-75.35549056,53.48224028,-75.39954004,53.2243001,50.23954276,1.110777524,60.89002099,50.6536916,0.55494322,1.202084568,35.41573995,0.007997631,0.049270384,1.850532102,0.344778118,1.992081767,0.038838246,0.03743805,0.68587005,170,,,,,,CpxUnc,,Ejecta Deposits / Floor Deposits,,,1,1,1
12-1-002109,-49.1550066,32.62315526,-49.15504116,32.61837797,24.13226885,0.597443902,25.07869962,23.48314771,0.350992677,1.06794455,172.5724523,0.000620651,0.001367293,0.133864496,0.08963345,3.045517583,0.016392512,0.007007929,0.86807323,164,,,,,,CpxFF,,Floor Deposits / Slump Deposits,,,2,1,1
12-1-000020,-44.12641303,0.968719842,-44.12623556,0.968340283,22.31844752,0.331600032,22.73287511,21.81645231,0.281069779,1.042006041,120.3842821,0.00052744,0.000778891,0.077507051,0.081029539,3.988569257,0.016520678,0.005253548,1,166,,,,,,CpxCPk,Terraced / Gullies,Floor Deposits / Slump Deposits,,,2,1,1
15-1-002971,-3.663689604,129.0694423,-3.662524621,129.0694477,75.50016378,2.015705087,79.13207978,71.80570901,0.420233682,1.102030477,71.69871526,0.001403655,0.001303397,0.201505129,0.186457691,1.268460001,0.007126164,0.004007998,0.98123777,465,,Rd,,,,CpxFF,Terraced,Tectonics / Ejecta Deposits / Slump Deposits / Floor Deposits,,,2,2,2
12-1-010467,-73.81732884,83.92648435,-73.81693433,83.92803507,12.27643526,0.290111668,12.66844126,11.92636288,0.337227817,1.062221683,54.68714081,0.000571656,0.002064517,0.090423028,0.075884386,5.136356348,0.025129989,0.0101569,0.90189898,68,,,,,,CpxFF,,Floor Deposits,,,1,1,1
10-0-004916,14.23777109,29.88678638,14.2372618,29.88630163,27.71788462,0.817769829,28.74785651,26.55856309,0.382766825,1.082432676,35.72572563,0.001058213,0.001104699,0.157411188,0.150094111,3.305710729,0.017546157,0.008517634,0.98917222,172,,Rd,,,,CpxSuPt,Terraced,Floor Deposits,,,3,2,3
06-1-015259,6.33942707,334.833559,6.339544926,334.8336921,11.67903644,0.285488224,11.90914353,11.41605339,0.284770691,1.043192697,75.1673189,0.00074686,0.000710634,0.110672902,0.101799736,9.866648533,0.0415596,0.013435699,1,66,,,,,,CpxFF,,,,,3,2,3
02-1-006425,6.769558286,180.546923,6.769843636,180.546355,14.01195826,0.56023172,14.82594925,13.16679181,0.459667717,1.12601076,39.45185236,0.001013492,0.00129594,0.167408409,0.141325044,5.151079961,0.026730788,0.017542173,0.77643073,59,,,,,,CpxFF,,,3,,1,1,1
03-1-015136,-25.22042133,182.5707324,-25.22054144,182.5703206,10.48750155,0.478384498,10.99621023,9.907878198,0.433763784,1.109845116,165.6291123,0.000856354,0.001028606,0.136313568,0.124211192,5.455094671,0.032998086,0.019567222,1,67,,,,,,CpxFF,,Floor Deposits / Tectonics,,,2,1,1
07-1-006636,-9.750375425,341.9555561,-9.750503563,341.9557248,20.23296864,0.398719821,20.82461012,19.63095426,0.33369663,1.060804781,6.458629865,0.000513106,0.000549729,0.078338223,0.074198571,3.010580456,0.01420104,0.005656899,1,120,,,,,,CpxFF,,Fractured / Floor Deposits,,,1,1,1
15-1-036127,-33.3047063,122.6094616,-33.30464733,122.6094361,24.93077052,0.261465488,25.17008266,24.64613682,0.20297565,1.021258741,98.0549386,0.000409919,0.000507389,0.059067514,0.061750917,5.419874754,0.016216,0.003505864,1,166,,Rd,,,,CpxFF,,Slump Deposits / Floor Deposits,,,2,2,1
04-1-007122,-57.75994692,255.2058449,-57.76021227,255.2066305,12.21578422,0.351750904,12.59394076,11.84834364,0.338970076,1.062928384,158.2005402,0.000469498,0.001042503,0.079013119,0.066646095,4.853233141,0.022002135,0.008956497,1,112,,,,,,CpxFF,,Floor Deposits,,,2,1,2
11-0-005293,-15.53902389,50.17128695,-15.53293586,50.17773068,10.97294945,0.38516072,11.57071759,9.272732076,0.598133529,1.247821838,143.6343657,0.000731575,0.000940601,0.087063771,0.144593987,2.024525207,0.018590611,0.021604766,0.72701758,47,,,,,,CpxUnc,,Floor Deposits / Slump Deposits,,,1,1,1
03-1-025677,-38.17280379,195.2174542,-38.15254166,195.1756834,27.95295797,0.692884418,28.53162599,21.99060307,0.637143952,1.297446273,63.25955528,0.001055766,0.001411541,0.077943916,0.19385888,0.768328223,0.008604859,0.011974282,0.67858195,106,,,,,,CpxFF,,Floor Deposits,,,1,1,1
07-1-004069,-4.398092529,339.0428744,-4.398956121,339.0425807,10.04942396,0.165245815,10.34657369,9.862682628,0.302240328,1.049062824,57.81213152,0.000468568,0.00033177,0.072785036,0.045480222,4.951007083,0.025287878,0.008824077,0.81475967,48,,,,,,CpxUnc,,Floor Deposits,,,2,1,1
04-1-006831,-56.86571583,216.8709848,-56.8659575,216.8707439,11.6078977,0.322656093,12.15264542,10.91756812,0.43924017,1.11312751,84.62476372,0.000385773,0.000730852,0.055709669,0.060067005,2.109580386,0.013158414,0.007971505,0.96615905,96,1,SLEPS,HuBL,,,CpxFF,,Slump Deposits,,,3,2,3
04-1-007086,-57.62861558,263.9874081,-57.62866463,263.9873749,12.60851133,0.223576706,12.60684309,12.57319466,0.07301368,1.002676204,82.72552109,0.000404523,0.000843487,0.057813715,0.06691871,85.86298708,0.095708772,0.007044304,1,114,1,SLEPS,HuAm,,,CpxFF,,Slump Deposits,,,3,2,3
03-1-018121,-29.98257289,214.202792,-29.9850903,214.1995322,15.37381133,0.472217014,16.17119302,14.14098488,0.485106164,1.143569077,149.684462,0.000616621,0.000791822,0.084834812,0.107415701,2.068497626,0.014551636,0.010556886,0.78617233,77,,,,,,CpxFF,,Floor Deposits,,,1,1,1
15-1-000650,-1.186167707,126.5479095,-1.18615214,126.5479427,13.67102428,0.201935902,13.78458105,13.52511035,0.193111876,1.019184368,105.4576594,0.0005201,0.000518689,0.076306726,0.075903992,13.36302767,0.039297728,0.008034053,1,81,,,,,,CpxFF,,,,,1,1,1
11-0-010464,-3.557876749,50.28790486,-3.558739867,50.28699721,31.12347096,1.284352711,34.81514158,27.62908278,0.608447842,1.260090386,176.7629657,0.000717156,0.000861662,0.123869349,0.104643953,0.73632001,0.005378783,0.006548057,1,184,,,,,,CpxUnc,Channel W,Floor Deposits,,,1,1,1
02-1-001881,34.34092046,180.5109197,34.34114069,180.51062,10.15908969,0.364457951,11.04285654,9.259690491,0.544866022,1.192572965,92.96367122,0.000484031,0.000532185,0.06757064,0.061369989,1.840739873,0.011640326,0.010757461,0.88885587,55,,,,,,CpxFF,,,,,2,1,1
01-1-002089,50.48291461,267.1359119,50.48373325,267.1353387,10.44867232,0.202948224,10.60626959,10.15353038,0.289050001,1.044589339,12.86539163,0.000661671,0.001127429,0.066210113,0.096355905,9.723912147,0.036014455,0.011865515,0.73674369,98,1,SLERS,SmSL,,,CpxFF,,Floor Deposits,,,2,2,1
12-1-000625,-45.03709173,79.05832544,-45.03709928,79.05928762,42.98077887,0.945128929,44.28153723,41.65593525,0.339221246,1.063030681,28.80670948,0.000894105,0.001356495,0.139816005,0.128576615,2.390895876,0.011518763,0.004693818,1,315,,Rd,,,,CpxUnc,Terraced,Dunes / Slump Deposits / Floor Deposits,,,2,2,2
08-1-009481,-65.22830506,292.7220462,-65.22829715,292.7216924,56.04110395,1.232100331,57.29434221,54.63175049,0.301304919,1.048737075,46.23432052,0.000760643,0.002185619,0.120082826,0.118932252,2.246028673,0.009118928,0.003169202,0.94351125,566,,,,,,CpxFF,,Floor Deposits,,,2,1,1
04-1-010161,-68.30267801,254.851524,-68.30084464,254.8455974,15.03885976,0.351954212,15.74102205,13.97597045,0.46009573,1.126291881,65.10986643,0.000450744,0.001160963,0.05486579,0.070690233,1.654528705,0.010524597,0.006918414,0.81709659,74,,,,,,CpxUnc,,Floor Deposits,,,1,1,1
07-0-003534,-36.11864358,347.4045866,-36.1184097,347.4041433,11.7131148,0.223865523,12.04908893,11.31098179,0.34462166,1.065255798,53.17573153,0.000619916,0.000526741,0.065337874,0.06993104,5.318036039,0.021028926,0.008760349,0.81517822,62,,,,,,CpxFF,,Floor Deposits,,,1,1,1
08-1-005986,-56.09835801,290.8327374,-56.10566174,290.8420268,18.44117197,0.333435771,19.99295548,17.10419747,0.517784294,1.16889176,93.42656662,0.002996385,0.003616571,0.326020407,0.226343896,3.775147282,0.029684939,0.024547537,0.6454764,76,,,,,,CpxUnc,,Slump Deposits / Floor Deposits,,,1,1,1
07-1-014546,-21.37456095,290.7616213,-21.37468866,290.7616084,58.94300369,0.810062946,60.19762114,57.67893463,0.28623415,1.043667355,9.760567601,0.000570354,0.000635088,0.085214425,0.082159573,1.582575171,0.006441113,0.002095891,0.9939602,336,,Rd,,,There may be a cohesive lobe within the Rd ejecta.,CpxUnc,Terraced,Floor Deposits,,,3,2,3
09-1-002925,45.1841341,27.21336763,45.18399316,27.21345592,15.31360011,0.382662194,16.13869995,14.4900007,0.440318019,1.113781861,86.40014036,0.000373526,0.000484191,0.05389284,0.049489151,1.470884198,0.00874491,0.00532013,1,212,,Rd,,,,CpxFF,Terraced,,,,3,2,2
10-0-012139,26.0993539,64.6250496,26.0989273,64.62692409,15.4277185,0.371359619,15.68281273,14.88221673,0.315424308,1.05379548,94.2106822,0.000804651,0.00124015,0.110471803,0.164858223,7.679203047,0.037477836,0.01383371,0.79696602,80,,,,,,CpxFF,,Floor Deposits,,,1,1,1
11-1-006954,-19.1292855,56.25696082,-19.12701986,56.2575198,15.72247039,0.418272393,16.41827261,14.73595727,0.440945333,1.114163967,153.252978,0.000911553,0.000576476,0.082915622,0.107896585,3.088564436,0.016249859,0.009910183,0.78727543,71,,,,,,CpxUnc,Channel N / Channel S,Channels / Floor Deposits,,,2,1,1
15-1-020573,-19.44460106,156.2155803,-19.44463802,156.2155461,12.24077124,0.16438539,12.61007864,11.86242292,0.339212789,1.063027235,113.1897201,0.000277054,0.000287665,0.040212244,0.038989178,2.504714867,0.011946999,0.004868153,1,77,1,Rd/SLEPS,HuBL,,,CpxCPt,Terraced / Gullies,Slump Deposits / Floor Deposits,,,3,2,3
11-0-007960,-8.211947211,3.04133994,-8.211912986,3.041497225,41.11850969,0.912958841,41.38381494,40.70999004,0.17972074,1.016551832,72.33262285,0.001104649,0.001085957,0.159600054,0.156047586,11.0042283,0.029277977,0.005527488,0.99004608,251,,,,,,CpxFF,Channel S,Ejecta Deposits / Floor Deposits,,,1,1,1
03-1-022518,-34.79351802,211.6921928,-34.78596789,211.6883716,18.98316113,0.341841999,19.74989366,17.2374851,0.488098134,1.145752616,17.92671315,0.000587482,0.000584074,0.062042298,0.0962333,1.180751662,0.009997546,0.007339613,0.7730214,92,,,,,,CpxFF,,Floor Deposits,,,1,1,1
07-0-001439,-18.49902235,357.7756146,-18.499035,357.7756181,10.02106095,0.160230249,10.45739309,9.588033744,0.39919389,1.090671286,157.800898,0.000255696,0.000286636,0.039234963,0.036958078,2.072331847,0.011327586,0.005866822,0.9585343,61,,,,,,CpxFF,,Floor Deposits,,,1,1,1
15-1-020844,-19.17189136,171.8476346,-19.17033319,171.8326469,13.36577672,0.360608998,13.5132784,11.14759417,0.565225677,1.212214779,79.63236607,0.000824072,0.002483016,0.106540227,0.326721493,2.903106527,0.036541494,0.03679145,0.69027632,50,,Rd,,,,CpxFF,,Slump Deposits / Floor Deposits,,,2,2,1
16-1-000471,-45.1976547,143.7078735,-45.19759282,143.707783,11.92921412,0.25172395,12.08429482,11.72307403,0.242672607,1.030812805,104.3906462,0.000496465,0.000725783,0.070919405,0.073259938,9.64259338,0.033246596,0.008837051,1,91,1,SLEPS,Hu,,,CpxFF,,Floor Deposits / Slump Deposits,,,3,2,2
11-1-005867,-16.32316962,67.49152231,-16.32292431,67.49136562,18.45275765,0.442642431,18.63319979,18.20160516,0.213983242,1.023711899,51.62742988,0.000789308,0.000831986,0.116267175,0.113042447,12.52446173,0.039258427,0.009012513,1,112,,,,,,CpxFF,,Floor Deposits,,,1,1,1
07-0-002763,-31.18935243,328.7030896,-31.18925933,328.7030979,52.43082902,0.751068169,53.03359516,51.71904954,0.221268331,1.025417049,51.90266268,0.000815954,0.000983248,0.119091478,0.119780485,4.319463243,0.013865345,0.003307894,1,336,,Rd,,,,CpxSuPt,Terraced / Gullies,Slump Deposits,,,3,2,3
11-1-001034,-3.522068966,89.74020795,-3.522304835,89.73870239,26.76961194,1.046334902,27.67647207,25.52087747,0.386916999,1.084463969,69.12685356,0.001459368,0.001879522,0.214388018,0.229638449,5.526693399,0.026092387,0.012875882,0.83383298,130,,,,,,CpxUnc,,Floor Deposits,,,1,1,1
04-1-009353,-63.54741255,262.4516789,-63.54748041,262.4514463,17.03917764,0.43098117,17.81185827,16.18165077,0.417936414,1.100744202,53.7318704,0.000422139,0.001099619,0.06587171,0.065006834,1.953843404,0.010782957,0.006010455,1,168,,,,,,CpxUnc,,Floor Deposits,,,2,1,1
04-1-006005,-54.52969249,247.2440631,-54.52962758,247.2444157,18.51837432,0.268569007,18.88518122,18.02280992,0.298735059,1.047848882,109.8498436,0.000344606,0.000675383,0.050547479,0.058538059,2.837767863,0.012831246,0.004410126,0.94937181,145,,,,,,CpxFF,,Slump Deposits / Floor Deposits,,,3,1,1
03-1-030272,-43.4918483,226.5645215,-43.48534196,226.5844602,52.54736589,1.186053879,55.36521839,51.73622138,0.356085215,1.070144222,31.42751833,0.002035207,0.007887327,0.743420989,0.231885251,5.015033539,0.034713487,0.015148831,0.71981031,232,,,,,,CpxUnc,,Tectonics / Floor Deposits,2,,1,1,1
15-1-033077,-30.18305972,157.5590411,-30.19222237,157.5460116,11.32521266,0.634990435,14.40210641,9.938266475,0.723755546,1.449156797,51.07192675,0.001654533,0.002395381,0.332164721,0.102488631,1.88430612,0.016621972,0.036611758,0.76850587,59,,,,,,CpxFF,,Floor Deposits,,,2,1,1
15-1-008021,-9.095713766,155.2173767,-9.092245391,155.2182804,20.85608459,0.415179103,21.36547495,19.86250382,0.368433227,1.075668765,151.5204067,0.00098363,0.00071485,0.101442871,0.151182831,3.429314592,0.0210437,0.009649761,0.80293393,99,,,,,,CpxFF,,Ejecta Deposits,,,1,1,1
08-1-010521,-67.23896387,308.0048436,-67.23905143,308.0045731,15.40888815,0.284577498,15.96706854,14.83955461,0.369111705,1.075980308,128.5424942,0.000514191,0.001313515,0.075221323,0.070856099,3.144928847,0.015696551,0.007217305,1,94,,,,,,CpxFF,,Floor Deposits,,,1,1,1
06-1-017675,1.755265956,285.6048782,1.755296936,285.6048843,14.78847141,0.282222649,15.23317759,14.34215385,0.336991498,1.062126216,109.5029496,0.000405938,0.000386928,0.059128224,0.056057237,3.009770939,0.014489715,0.005850691,1,78,,Rd,,,,CpxFF,,Slump Deposits,,,3,2,3
11-1-013245,-27.87530821,52.21971589,-27.87451691,52.22042741,16.13239254,0.211499362,16.55980143,15.79616589,0.300168513,1.048343094,65.28383057,0.000408197,0.000460314,0.066880162,0.050514711,3.514364137,0.015615654,0.005400521,0.85347342,89,,,,,,CpxFF,Channel NE,Ejecta Deposits / Floor Deposits / Channel,,,1,1,1
15-1-017829,-17.02533555,175.8456404,-17.02589538,175.8521937,11.04788762,0.361060056,11.71574835,9.602548741,0.572896912,1.220066533,96.18020193,0.000354856,0.000534594,0.049443854,0.075478129,1.256111095,0.010461557,0.010884872,0.75989795,51,,Rd,,,,CpxFF,,Slump Deposits / Ejecta Deposits / Floor Deposits,,,2,2,1
15-1-015597,-15.94142413,137.4341433,-15.94022443,137.4346294,91.22269632,1.931117484,91.82971087,90.23385886,0.185619936,1.017685734,173.570349,0.001911105,0.002047331,0.272473547,0.267743977,8.755019493,0.021827734,0.004270457,0.93055826,489,,,,,,CpxUnc,,Slump Deposits / Floor Deposits / Ejecta Deposits,,,1,1,1
05-1-002659,47.35288511,293.5383378,47.35336516,293.5382754,12.34529273,0.344612085,12.36772761,12.20821728,0.160088305,1.013065817,11.19328386,0.00063444,0.000874579,0.086277018,0.094809055,25.23116739,0.063537293,0.01057551,0.9129051,158,1,SLEPS,HuBL,,,CpxSuPt,Terraced,Floor Deposits,,,2,2,3
07-0-000455,-6.694308763,348.2832729,-6.694017066,348.2832353,21.28293381,0.340203734,21.92173929,20.61727178,0.339809346,1.063270617,73.45653453,0.00054416,0.000529159,0.079257639,0.076335208,2.7673532,0.013470489,0.005502374,1,124,,,,,,CpxFF,Terraced,Fractured / Floor Deposits,,,2,1,1
13-4-009851,44.45943339,164.960094,44.46308585,164.9592273,15.13261551,0.364773846,15.93973606,13.90669598,0.48869518,1.146191452,21.79271188,0.000345551,0.000290722,0.030800306,0.041124157,0.942112641,0.005502103,0.004048912,0.77463919,144,,,,,,,,,,,,,
15-1-012282,-13.26657657,139.9397199,-13.27623213,139.9462696,15.32814383,0.211359322,15.35588837,13.58421177,0.466302017,1.130421745,33.75494589,0.001218627,0.00094543,0.053682795,0.211381117,2.224179478,0.026765529,0.01802871,0.50323719,46,,,,,,CpxFF,,Ejecta Deposits / Floor Deposits,,,1,1,1
14-1-010081,9.204087884,122.1076566,9.204175947,122.1075626,14.78154648,0.393609623,15.53918511,14.03382797,0.429377537,1.107266324,161.8368611,0.000436599,0.00047139,0.067993792,0.062794989,2.02894277,0.011888325,0.006929729,1,86,2,Rd/DLERS,HuSL,,,CpxCPk,Terraced,Slump Deposits,,,3,2,3
15-1-000936,-1.410301369,162.3915445,-1.410259101,162.3916052,27.41825395,0.374483893,27.70977629,27.08627419,0.210940791,1.023019117,100.4891646,0.000609458,0.000597181,0.088112932,0.086336233,6.593672361,0.020394487,0.004606007,1,165,,,,,,CpxUnc,,Floor Deposits,,,3,1,1
11-1-018697,-42.90560432,42.82635109,-42.90537608,42.82709491,15.00884847,0.278350074,15.6309792,14.41121394,0.387273485,1.084640008,47.94965264,0.000334839,0.000524977,0.054538615,0.048613381,2.030954232,0.010652127,0.00526394,0.91929525,101,1,Rd/SLEPC,Hu,,,CpxFF,,Floor Deposits,,,2,2,2
07-1-023129,-34.956353,310.9878589,-34.95636348,310.9878661,12.48682456,0.206654911,13.03834067,11.99843074,0.391349426,1.086670495,172.3340766,0.000278543,0.000383934,0.046032575,0.04009721,1.931606375,0.010519576,0.005282707,1,83,,,,,,CpxFF,,,,,1,1,1
15-1-030462,-27.83707206,159.0676965,-27.83643736,159.0656878,32.2325076,1.018863416,33.11712943,30.86715627,0.362303597,1.072892142,64.98551022,0.001423319,0.001742369,0.19559741,0.213001479,4.764527541,0.021779432,0.009745125,0.85794419,187,,,,,,CpxFF,Gullies,Slump Deposits / Ejecta Deposits / Floor Deposits,,,1,1,1
15-1-036051,-32.67509057,127.2160566,-32.67470407,127.2143256,12.3271379,0.320499783,12.64794487,11.74978108,0.370111417,1.076440896,69.29239237,0.000622304,0.000944624,0.092223719,0.124161781,4.866616187,0.029936992,0.013820101,0.83418739,70,,,,,,CpxFF,,Ejecta Deposits / Floor Deposits,,,1,1,1
03-1-026945,-40.28123624,245.6506442,-40.27244144,245.6560484,65.80512001,1.921339696,68.98170973,61.28978214,0.458889724,1.125500978,142.2299941,0.001991837,0.001807192,0.201127043,0.24812647,1.558245369,0.008582596,0.005615192,0.81135583,352,,,,,,CpxFF,,Tectonics / Floor Deposits / Slump Deposits,,,1,1,1
06-1-000523,41.61206015,274.9372357,41.61192891,274.9373403,14.89374857,0.428958175,15.5171846,14.25052474,0.395721626,1.088885138,140.879605,0.000659947,0.000960466,0.102301578,0.094900036,3.754314541,0.019972136,0.010203766,0.96288699,88,,,,,,CpxFF,,Floor Deposits,,,2,2,1
15-1-018886,-19.21699829,130.3078207,-19.20576849,130.3120184,72.86771803,1.376101168,74.52144632,68.96061266,0.379042124,1.080637823,172.0318121,0.002079248,0.001437666,0.217659777,0.415275651,2.01702359,0.015120438,0.007232565,0.48957726,209,,,,,,CpxFF,,Ejecta Deposits / Slump Deposits / Floor Deposits,,,1,1,1
06-0-003212,6.760089897,345.5681817,6.760130947,345.5675867,13.77955202,0.235600281,14.31250865,13.31362677,0.367029841,1.075027031,20.40203594,0.000330357,0.000417097,0.056215267,0.047704083,2.656642101,0.012533948,0.00571541,0.8685863,74,,Rd,,,,CpxFF,,,,,1,1,1
06-1-000461,43.00536339,284.7276261,43.00502245,284.728288,11.71532445,0.37136191,12.41118982,11.03832802,0.457158659,1.124372259,147.2533028,0.000658118,0.00100024,0.106877021,0.090342508,3.506422101,0.020555984,0.01335782,0.90959609,71,,Rd,,,,CpxFF,,Floor Deposits,,,2,2,1
15-1-040425,-37.74795121,122.3860888,-37.7593394,122.3900613,56.6777685,1.325627552,60.4112706,54.28275609,0.438864083,1.112899841,110.9768991,0.001157722,0.001036845,0.182889018,0.118321555,0.929326844,0.006863103,0.004151631,0.85506886,319,,,,,,CpxUnc,,Floor Deposits,,,2,1,1
10-0-005384,16.83317306,57.95599319,16.8307544,57.95633114,11.89981279,0.331832146,12.76924157,11.29437587,0.466542907,1.130584081,83.28255392,0.000883638,0.00056033,0.111584424,0.068462126,3.152772739,0.017833794,0.01202386,0.77289087,55,,,,,,CpxFF,,Floor Deposits,,,1,1,1
10-0-005882,18.02691513,39.1085577,18.02652661,39.10831393,22.18181536,0.257572945,22.69828472,21.70283855,0.292895587,1.045867096,82.10191331,0.00032429,0.000324772,0.04716753,0.042106765,2.236266153,0.008873668,0.002973346,0.89365149,119,,,,,,CpxFF,Gullies,Floor Deposits,,,1,1,1
04-1-001345,-46.04272347,183.8511745,-46.04312738,183.8541915,20.79134267,0.491311926,21.04110047,20.20347137,0.279344953,1.041459662,73.25868848,0.000696454,0.00138792,0.100879997,0.153843536,5.865672311,0.029698679,0.009371418,0.83493155,130,2,Rd/DLERS,HuBL,,,CpxCPt,Terraced / Gullies,,,,4,3,4
11-0-006359,-13.35149607,79.73035055,-13.35150104,79.73020457,20.70123322,0.37945147,21.22340424,20.16364092,0.312048145,1.052558133,130.0596711,0.000540315,0.000545624,0.080481628,0.07637961,3.379938343,0.015504095,0.005641652,1,128,,,,,,CpxFF,,,,,1,1,1
10-1-010537,3.979863618,80.41121077,3.980022228,80.41115949,11.52747298,0.241946569,11.83468482,11.19215854,0.325016907,1.057408611,161.8943552,0.000513381,0.000528042,0.076959027,0.074262113,5.472208456,0.025564988,0.009823813,1,67,1,SLERS,SmBL,,,CpxFF,Gullies,,,,3,2,2
10-0-004601,13.49866554,38.16185059,13.49861103,38.16183417,13.05206089,0.274997854,13.35620587,12.71898758,0.305193148,1.050099764,70.7660278,0.000500814,0.000504103,0.07228961,0.070516427,5.320165544,0.023022748,0.008136238,1,79,,Rd,,,,CpxCPk,Terraced,,,,2,2,3
11-0-011006,-1.698884625,50.68732449,-1.698962779,50.68749836,10.57697927,0.247540366,11.19818289,9.962956602,0.456557238,1.1239819,161.2030033,0.000318807,0.000341651,0.05004953,0.046174305,1.794739283,0.011162883,0.00723685,1,63,1,SLERS,Hu,,,CpxCPk,Terraced,Floor Deposits,,,3,2,3
15-1-008691,-10.3451508,153.8232204,-10.34522819,153.823098,15.5972411,0.405248341,16.15987105,15.00275845,0.371592525,1.077126657,160.0295309,0.000695699,0.000760886,0.107744715,0.1001499,4.259785664,0.021884336,0.010162503,1,93,,,,,,CpxFF,,Slump Deposits / Floor Deposits,,,1,1,1
03-1-001912,-7.02731408,196.3823273,-7.027169728,196.3815018,26.31696521,0.893077165,27.34137234,25.11066862,0.395623274,1.088834899,170.9896462,0.001329333,0.001436962,0.209164877,0.194398239,4.078304614,0.023204687,0.01185069,1,158,,Rd,,,,CpxFF,Terraced,Slump Deposits,,,2,2,2
16-4-007143,-75.57860709,91.18409354,-75.58480291,91.16132558,17.87919365,1.04623054,21.35118989,15.53918935,0.685799714,1.37402212,29.68122161,0.001424118,0.004763011,0.218182491,0.100884091,1.310147776,0.009350628,0.016634863,0.78068262,147,,,,,,,,,,,,,
16-1-005528,-54.95926271,150.3015152,-54.95978827,150.3010413,15.12367872,0.340329452,15.66010071,14.44083707,0.38685149,1.084431646,125.601085,0.000432535,0.000823266,0.06221377,0.067240395,2.579625502,0.013454149,0.006637538,0.9226532,116,2,DLERS,HuSL,,,CpxFF,,Floor Deposits / Slump Deposits,,,3,2,3
06-1-014988,5.756992137,310.0902623,5.75694135,310.0902323,17.86535477,0.511130856,18.57494434,17.11217971,0.388969437,1.085480906,118.0601071,0.000745774,0.000724886,0.107392466,0.10181103,3.481417131,0.0181014,0.009005217,1,99,,,,,,CpxFF,,,,,1,1,1
10-0-002343,4.076019158,27.75992635,4.075929761,27.75993792,17.06917022,0.21589107,17.46649713,16.6603496,0.300295987,1.048387192,172.6442207,0.000317239,0.000329001,0.047472768,0.046383351,2.709704737,0.011788082,0.004079039,0.96440798,97,1,SLERS,,,,CpxFF,,Floor Deposits,,,1,1,1
04-1-004885,-52.15084969,205.0955558,-52.15095487,205.0951215,13.03513429,0.281915617,13.23922616,12.68168469,0.287144905,1.043964306,94.60456661,0.000619435,0.001142363,0.081998795,0.101699655,8.422169678,0.032378259,0.010578195,0.86562419,90,,,,,,CpxFF,Terraced,Slump Deposits / Floor Deposits,,,2,1,1
06-1-007528,24.80277141,334.7041381,24.79503062,334.7037305,54.31725637,1.127562331,55.69833069,51.97784664,0.359349759,1.071578264,164.069663,0.001608132,0.001276967,0.17158437,0.235391314,2.333333159,0.013273607,0.005869188,0.688205,184,,,,,,CpxUnc,,Floor Deposits,,,1,1,1
10-0-000668,8.756611172,11.15925707,8.755228591,11.16061503,62.34249978,1.284466431,64.61263165,60.10021076,0.367149515,1.075081615,110.1036081,0.001213752,0.001212383,0.181881227,0.165405305,1.821391886,0.009277188,0.00423237,0.93048054,325,,Rd,,,,CpxFF,Terraced / Gullies,Ejecta Deposits / Floor Deposits,,,2,2,3
11-1-018264,-41.27561387,19.4970037,-41.27558861,19.49687785,18.61082235,0.28752428,18.8023341,18.40194148,0.205271046,1.021758173,9.34418887,0.000560226,0.000823191,0.090911466,0.081042622,9.906687063,0.030518622,0.006682469,1,129,,Rd,,,,CpxCPk,Terraced / Gullies,Slump Deposits,,,3,2,3
14-1-011942,4.299119338,103.1138006,4.299429781,103.1138353,13.72227577,0.241611671,14.22124276,13.25596601,0.362138484,1.072818288,113.8662214,0.000381601,0.000327636,0.051836007,0.047167403,2.622992212,0.012221184,0.005464702,0.89242345,72,,,,,,CpxFF,,Floor Deposits,,,2,1,1
01-3-000465,53.92563822,197.7846627,53.88545769,197.7652643,11.24610226,0.233219341,16.64401489,11.84671182,0.702412523,1.404948068,76.14754823,0.003621733,0.002814118,0.469899531,0.124414598,0.934630831,0.021725838,0.042320383,0.62069881,46,,,,,,CpxUnc,,Floor Deposits / Ejecta Deposits,,,1,1,1
11-0-004671,-17.31856643,54.15606983,-17.31868013,54.15885461,11.08241211,0.258184034,11.62117352,10.22063897,0.475928009,1.137030038,99.47542921,0.000501074,0.000752226,0.064281686,0.087151663,2.946107819,0.016518838,0.011556773,0.74497831,50,,,,,,CpxFF,,Floor Deposits,,,2,1,1
14-1-004571,23.49182751,175.8715147,23.49416334,175.8708379,37.38167703,0.289663014,37.67303486,36.78418659,0.215941751,1.024163869,27.68458941,0.000735793,0.000366737,0.051018726,0.091501022,3.876482252,0.01250425,0.002900699,0.7713058,153,,,,,,CpxFF,,Ejecta Deposits / Floor Deposits,,,1,1,1
04-1-004951,-52.38678849,213.6918886,-52.38649805,213.6915425,23.4872594,0.529795524,24.41195306,22.28911692,0.407867523,1.095240926,106.0754566,0.000418892,0.000744548,0.060490657,0.067529311,1.382958945,0.007999788,0.004286734,1,178,,,,,,CpxFF,,Floor Deposits,,,1,1,1
15-1-033189,-30.8259347,150.0138425,-30.82597635,150.0136929,15.25320448,0.270565471,15.46409673,14.99216389,0.245162382,1.031478634,87.95901924,0.000512136,0.000606345,0.07278969,0.075001061,7.580192569,0.026334047,0.0070852,0.96837103,98,2,Rd/DLERS,HuBL,,,CpxSuPt,Terraced,Slump Deposits,,,3,2,3
07-1-017476,-25.15742982,287.2446431,-25.15728902,287.2443462,15.64389986,0.437220342,16.10713811,15.09266767,0.34928285,1.067216112,119.3275032,0.000697706,0.000781282,0.101179781,0.100979941,4.757784744,0.023069432,0.009794252,1,101,2,DLERS,HuBL,,,CpxCPt,Terraced,,,,3,2,3
11-0-000603,-37.28773164,38.91636015,-37.28733567,38.92458006,62.25068184,0.604100013,63.38590999,60.75197788,0.285273699,1.043355495,151.0224272,0.00087755,0.00158435,0.141095172,0.171064519,2.44098808,0.011558251,0.003744991,0.5181703,226,,,,,,CpxFF,Terraced,Slump Deposits / Floor Deposits,,,1,1,1
14-1-007736,15.59379316,101.8255242,15.59461178,101.8260572,21.87251711,1.053697324,24.99081136,18.76082421,0.660633155,1.332074278,77.36278584,0.000859216,0.000743148,0.123954007,0.105084302,0.839906594,0.006382371,0.009966157,1,130,2,DLERS,HuBL,,,CpxCPk,Gullies,Floor Deposits,,,3,3,3
03-1-029535,-42.023653,214.426005,-42.02389436,214.425894,16.5437037,0.372814377,17.05803991,15.92670951,0.35811474,1.07103353,114.5837331,0.000607629,0.000860547,0.089209284,0.09143738,3.745704771,0.018904692,0.008317657,0.97907007,113,,,,,,CpxFF,,Ejecta Deposits / Floor Deposits,,,1,1,1
03-1-000101,-0.239718958,207.5506564,-0.241166053,207.5492691,21.65678107,0.550025986,22.40697518,20.60902261,0.392483029,1.08724104,127.4351285,0.00114123,0.000845661,0.121867403,0.150563311,3.789110763,0.01963116,0.009902489,0.81224632,101,,,,,,CpxFF,,Floor Deposits,,,1,1,1
04-1-011129,-76.8434551,248.3922163,-76.84362907,248.3940045,16.43350213,0.113029361,16.55397314,16.36320583,0.151377399,1.011658309,170.6359901,0.00035813,0.001880712,0.061992694,0.034524702,12.68162606,0.027744259,0.004348462,0.74900132,70,,,,,,CpxFF,,Floor Deposits,,,2,1,1
04-1-003415,-49.17530332,261.0244181,-49.17512078,261.0242972,23.85748461,0.603409382,25.14706617,22.7528432,0.425855556,1.105227419,162.4299536,0.000608201,0.001112995,0.106623221,0.087710288,1.881669053,0.011015946,0.006333431,1,183,1,SLERS,SmSL,,,CpxCPt,Terraced / Gullies,Slump Deposits,,,3,2,3
10-0-008861,25.55214813,26.78755589,25.55195565,26.78725177,12.76902623,0.293715113,13.28281569,12.21470035,0.392887188,1.087445071,145.2155618,0.000755854,0.000617305,0.087032837,0.085484937,4.602268846,0.020634946,0.010425411,0.82747865,67,,,,,,CpxFF,,Floor Deposits,,,1,1,1
07-0-002951,-32.32001868,356.355221,-32.3183254,356.3553416,43.21466475,0.85998691,43.97618685,42.15997858,0.284418618,1.043078966,20.0908466,0.001384989,0.001276941,0.155430839,0.182923121,4.827365663,0.018084211,0.005837262,0.83717793,223,,,,,,CpxFF,Gullies,Floor Deposits / Slump Deposits,,,1,1,1
11-1-018023,-41.36260205,76.68840376,-41.36658273,76.68889724,10.4238122,0.166509941,11.29412966,10.00886779,0.463301173,1.128412313,89.1549724,0.000490908,0.000327743,0.072156394,0.035179833,1.475838526,0.012360633,0.008228251,0.79921663,54,,,,,,CpxFF,,Floor Deposits,,,1,1,1
16-1-010773,-75.32928045,94.19818907,-75.3297703,94.2040865,23.81831912,0.423746094,24.31844279,23.4622384,0.263014161,1.036492869,175.5166406,0.000809861,0.004242758,0.158023242,0.101619826,7.143967763,0.027637434,0.008094235,0.80877542,116,,,,,,CpxFF,,Floor Deposits,,,2,1,1
04-1-006085,-54.39023858,260.5708013,-54.38935445,260.5683676,12.51976789,0.27679972,12.92174189,11.93093335,0.384025781,1.08304535,39.52376672,0.000414065,0.001014534,0.061883997,0.081238165,3.415553424,0.01848031,0.00901591,0.80773592,83,,,,,,CpxUnc,,Slump Deposits,,,1,1,1
11-1-013216,-28.9425369,48.38772345,-28.9453506,48.39378181,13.56947745,0.421747139,14.07695723,12.23223964,0.494891447,1.150807835,70.68002835,0.000819041,0.001102537,0.088314342,0.157993288,2.748788875,0.021908552,0.016524642,0.74763566,62,,,,,,CpxUnc,,Floor Deposits,,,1,1,1
07-1-024072,-37.14342795,350.4871913,-37.1542333,350.4686809,19.42469608,0.246385513,22.14229024,19.24542037,0.494512936,1.150522557,37.50485125,0.000648892,0.00109191,0.142942873,0.026581044,0.671337935,0.010085345,0.007595455,0.69262868,86,,,,,,CpxUnc,,Floor Deposits,,,1,1,1
12-1-004170,-53.41122497,31.60687782,-53.40990139,31.60609942,32.39048715,1.812648297,35.69563252,29.31695966,0.570491035,1.217576206,25.71324042,0.001267751,0.002652798,0.227563754,0.180271118,1.516768093,0.010472805,0.010784507,0.99102271,270,,,,,,CpxFF,,Slump Deposits / Floor Deposits,,,1,1,1
15-1-011398,-11.52568436,161.8805147,-11.52579544,161.8805261,10.8798865,0.244968452,11.3547705,10.39557714,0.402260901,1.092269371,131.353878,0.00045479,0.000457936,0.068652694,0.064282095,3.11872731,0.018020334,0.009446261,1,67,1,SLErS,HuBL,Pseudo-Butterfly,,CpxFF,,Slump Deposits / Floor Deposits,,,3,3,3
04-1-009356,-63.10672626,262.5652885,-63.10659858,262.5652619,16.81185135,0.432992931,17.39684301,16.37545192,0.337602671,1.062373307,4.884024759,0.000432679,0.001208132,0.083151757,0.061903309,3.164188953,0.015993245,0.006474018,0.97811455,165,,Rd,,,There may be a cohesive lobe within the Rd ejecta.,CpxFF,,Dunes / Slump Deposits,,,2,2,3
15-1-006166,-9.071469676,150.5098683,-9.073392421,150.5083748,102.6620084,3.293483787,107.1986512,97.56871131,0.414240766,1.098699058,21.71430396,0.001970668,0.002053468,0.296717258,0.285590101,1.39755884,0.008056322,0.004426148,0.97332197,601,,,,,,CpxFF,Channel N / Gullies / Terraced,Floor Deposits / Slump Deposits,,,1,1,1
02-1-006027,10.57755203,185.3287966,10.57708237,185.3290693,30.70294748,0.843155155,31.37590692,29.82593739,0.310418465,1.051967169,13.98390954,0.001326926,0.001387781,0.193440937,0.192282228,5.956265509,0.025967376,0.009383874,0.9615683,156,3,MLERS,HuBL,,,CpxCPt,Terraced,Floor Deposits,,,2,2,2
12-1-004930,-54.62625008,45.98781119,-54.62622472,45.9877759,15.12340625,0.268458676,15.44425293,14.83529544,0.278036159,1.041047885,24.62523989,0.000365496,0.000737046,0.062473568,0.053481103,4.381016725,0.017981523,0.005640789,0.98429489,128,1,SLEPC,Hu,,,CpxUnc,,Floor Deposits,,,2,2,1
15-1-008571,-11.06641919,159.5046448,-11.06645827,159.5047696,15.40372925,0.222895475,15.7509186,15.0284874,0.299379789,1.048070786,65.13179425,0.0003644,0.00036786,0.052591794,0.052555942,3.413058813,0.014702899,0.005067541,0.95769531,91,,,,,,CpxFF,,Slump Deposits,,,2,1,1
03-1-030813,-43.82508899,243.2382357,-43.82508673,243.2382282,16.1426701,0.270952371,16.42921499,15.82357619,0.269013259,1.038274458,41.2595653,0.000457822,0.000701379,0.070285237,0.069337039,5.443247019,0.021117055,0.006358337,0.96692568,112,,,,,,CpxUnc,,Floor Deposits / Slump Deposits,,,1,1,1
10-0-002008,2.656747907,44.18913637,2.656848122,44.18915371,10.51613185,0.290823904,11.18593138,9.840347912,0.475515179,1.136741453,41.98243818,0.000403262,0.000396704,0.059438371,0.055250191,2.036468943,0.012581015,0.008787497,0.94320035,61,1,SLEPS,HuBL,,,CpxCPk,Terraced,Slump Deposits,,,3,2,3
04-1-001775,-46.71194295,233.1966958,-46.71185287,233.1970151,17.01008187,0.346486137,17.72908019,16.262007,0.39831092,1.090214768,124.9133523,0.000311021,0.000479814,0.047073858,0.04556443,1.486414812,0.00815371,0.004208368,1,124,,Rd,,,,CpxFF,,Tectonics / Floor Deposits / Slump Deposits,,,2,2,1
11-1-015152,-32.07904137,51.44898634,-32.07908021,51.44445703,17.83381011,0.750594891,20.04363044,15.20693057,0.651450166,1.318058917,68.23433602,0.000517891,0.000614175,0.075666174,0.073361236,0.726026658,0.005412577,0.008074018,0.88736063,99,,,,,,CpxFF,Gullies,Floor Deposits,,,2,1,1
07-0-000894,-13.58742748,344.0791956,-13.58759282,344.079054,28.28897469,0.559109998,28.80815279,27.72031506,0.272207605,1.039243339,106.7424219,0.000786915,0.000776924,0.115020794,0.109151368,4.784888882,0.019074236,0.005827727,1,178,,Rd,,,,CpxFF,Terraced,Slump Deposits / Floor Deposits,,,2,2,2
12-1-010685,-72.98543941,74.65635901,-72.98921579,74.65589755,23.43295191,0.616286202,25.30767755,21.96829149,0.49647941,1.152009366,90.54529574,0.000949079,0.00242629,0.121560046,0.08180673,1.670967814,0.009224171,0.007001589,0.77189624,108,,,,,,CpxUnc,,Tectonics / Floor Deposits,,,1,1,1
06-1-008726,20.66454205,319.8687258,20.66427598,319.8685778,17.35969062,0.518521949,18.11667266,16.52936756,0.409334708,1.096029391,135.5791677,0.000811336,0.000907747,0.120985878,0.116345246,3.613358416,0.019731786,0.010634365,0.97277474,87,2,Rd/DLERS,HuBL,,,CpxCPk,Terraced,,,,4,3,4
10-1-004843,30.30071287,57.74527539,30.30038213,57.74530582,11.68478507,0.280997802,12.10626613,11.22732881,0.374075757,1.078285524,28.14171239,0.000611338,0.000593238,0.076762492,0.075363317,4.61111657,0.021230067,0.009956627,0.85132861,62,,,,,,CpxFF,Gullies,Floor Deposits,,,2,1,1
04-1-005439,-53.96519508,232.6413732,-53.96500169,232.6414939,11.86079435,0.341420153,12.71438496,11.05751191,0.493606852,1.149841399,38.54658401,0.000249506,0.000484439,0.040646069,0.036107276,1.111017292,0.007002241,0.005254508,1,98,,,,,,CpxFF,,Floor Deposits / Slump Deposits,,,2,1,1
04-1-010656,-68.67881155,226.1443704,-68.67859709,226.1443982,75.35302648,1.122492107,77.07919795,73.52933904,0.29998059,1.048278129,83.69986112,0.000940929,0.002505092,0.13533566,0.131644969,1.786484295,0.007607105,0.002628707,1,452,,Rd,,,,CpxFF,Terraced,Dunes / Slump Deposits / Floor Deposits,,,3,2,2
10-0-000027,0.65416382,7.624791322,0.655571905,7.623802713,42.5188282,0.602876021,43.32920616,41.87607493,0.256805868,1.034700751,136.4166584,0.000849489,0.000897776,0.140001784,0.110262592,4.046766127,0.015160207,0.004312751,0.73857623,190,,,,,,CpxFF,Channel N / Gullies,Floor Deposits / Channel,,,1,1,1
10-0-003058,7.091721965,46.56341451,7.076958799,46.55275479,21.55033695,0.4832785,21.701062,18.83228748,0.496905114,1.15233277,148.4481869,0.001977716,0.001947106,0.108432455,0.352918097,2.58459707,0.029393734,0.022349199,0.6721347,75,,,,,,CpxUnc,,Floor Deposits,,,1,1,1
10-0-006673,19.71889881,43.07376938,19.71891039,43.07372267,10.27015617,0.155314212,10.40413047,10.1244857,0.230291227,1.027620639,96.97897457,0.000328306,0.000343485,0.047471562,0.046682624,7.954126491,0.026674048,0.006665992,1,62,,Rd,,,,CpxFF,,,,,1,1,1
15-1-032897,-30.35873288,170.537521,-30.35974333,170.5382,14.38262065,0.387218278,15.45316591,13.49365063,0.487368285,1.14521758,149.75021,0.00046578,0.000563204,0.077299864,0.059801102,1.629131678,0.010455382,0.007653519,0.89772433,87,1,Rd/SLERS,HuSL,,,CpxCPt,Terraced,Slump Deposits / Floor Deposits,,,3,2,3
08-1-000246,-44.23564218,300.8930788,-44.23520938,300.8850496,33.37486344,0.698498888,35.04738081,32.48377663,0.375423984,1.078919523,8.33750486,0.000659798,0.001706846,0.169786179,0.092994347,2.408593677,0.012876161,0.006071215,0.70757961,171,,,,,,CpxFF,Gullies,Ejecta Deposits / Floor Deposits / Slump Deposits,,,2,1,1
09-1-001811,54.59116123,83.48353061,54.59111874,83.48352911,11.10225743,0.161492054,11.39133069,10.81047623,0.315248743,1.0537307,130.3410176,0.000180847,0.000311411,0.026805053,0.025763345,2.100498642,0.009567968,0.003529084,1,142,3,MLERC/MLERS/MLERS,HuSL/HuBL/SmBL,,,CpxFF,,Floor Deposits,,,3,2,1
15-1-030391,-28.14779725,163.3619588,-28.14741014,163.3631502,12.77311399,0.307903531,13.17647272,12.19166856,0.379332536,1.080776816,93.77472523,0.000474051,0.000602251,0.066851887,0.080661024,3.340630174,0.018816682,0.009010963,0.85501587,71,,,,,,CpxFF,,Floor Deposits,,,1,1,1
07-0-001284,-17.77186707,347.0578856,-17.76817142,347.0561918,45.6429966,0.652133507,47.10553488,44.60517509,0.321469179,1.056055374,122.2635959,0.001010511,0.000825954,0.158454986,0.110148909,2.225204793,0.011639354,0.00440685,0.85916018,244,,Rd,,,,CpxFF,Gullies,Slump Deposits / Floor Deposits,,,2,2,2
15-1-027024,-25.54760342,177.4026194,-25.54761729,177.4025333,11.97264841,0.168003426,12.20599091,11.73463981,0.275211777,1.040167496,144.8172737,0.000327772,0.000377201,0.04983825,0.047531826,4.775441335,0.019315263,0.005982428,1,77,,,,,,CpxFF,,Floor Deposits,,,1,1,1
11-0-009176,-6.038219687,36.86666364,-6.038274347,36.86680994,15.83597481,0.477428158,16.63818675,14.98119057,0.435042229,1.110605107,58.30349222,0.00083952,0.000818555,0.123310183,0.114468446,3.399745618,0.019837249,0.011822025,1,93,,,,,,CpxUnc,,Floor Deposits,,,1,1,1
11-0-010209,-4.17362645,60.42921272,-4.1735921,60.42943985,10.86528998,0.250688405,11.42148823,10.28693253,0.434514557,1.110290964,28.74518818,0.000362804,0.000373869,0.053954084,0.051693596,2.227863206,0.012875912,0.007657601,1,65,1,SLERS,Sm,,,CpxCPk,,Floor Deposits,,,3,2,3
10-0-003750,10.11067189,57.01006305,10.11057699,57.01007857,33.70948822,0.703487466,34.43765732,32.81862599,0.30301244,1.049332697,67.26062127,0.001017771,0.00099187,0.139494605,0.143694847,4.320383444,0.017877521,0.006259035,0.93171757,189,,,,,,CpxFF,,Fractured,,,1,1,1
03-1-003138,-9.98225322,197.3042836,-9.981835818,197.3045954,18.72228109,0.598441077,19.21626446,18.10512114,0.335115838,1.06137177,0.951442093,0.000975685,0.001024291,0.14282067,0.139530532,6.20146102,0.028361071,0.011363711,1,114,2,DLERS,HuBL,,,CpxCPk,Terraced,Slump Deposits,,,3,2,4
16-1-010931,-68.15651326,133.158158,-68.14177325,133.1593169,56.07802909,1.178386394,57.99282349,51.6852088,0.453542667,1.122039068,157.8837239,0.00160795,0.001948681,0.105342677,0.176936388,1.323766251,0.00678711,0.004348375,0.63864678,188,,,,,,CpxUnc,,Ejecta Deposits / Floor Deposits / Slump Deposits,,,2,1,1
01-1-001520,55.5379958,196.4949498,55.53870359,196.4933334,18.06693721,0.187402315,18.40973596,17.58614055,0.295757506,1.046832072,51.45234221,0.000178144,0.000324622,0.02483712,0.030099162,1.364509605,0.006724083,0.002281392,0.87464368,188,,,,,,CpxUnc,,Floor Deposits,,,1,1,1
04-2-000417,-55.3831705,215.5715887,-55.38242395,215.5739784,10.13137464,0.310933847,10.70031198,9.250423027,0.502632285,1.156737584,113.3134018,0.000369803,0.000748304,0.054264267,0.065737085,1.770286764,0.012981068,0.010098697,0.8761186,74,,,,,,CpxFF,,Floor Deposits,,,2,1,1
11-0-005679,-14.45932442,48.76669199,-14.45895427,48.76658779,36.02695417,1.180521577,39.59328312,32.61756047,0.566858021,1.213864021,101.1537494,0.000830506,0.000744973,0.120104274,0.104182512,0.751335961,0.005273873,0.005347048,1,228,,,,,,CpxUnc,Gullies,Floor Deposits,,,1,1,1
04-1-004590,-51.28254747,224.4935949,-51.28247719,224.4934319,11.73285689,0.246771378,12.04949199,11.32489246,0.341546925,1.063982906,96.77339874,0.000352855,0.000600818,0.05048099,0.055779222,3.397708376,0.016723415,0.006879855,1,90,,,,,,CpxFF,,Floor Deposits,,,1,1,1
07-0-002223,-26.65772284,335.22768,-26.6577883,335.2289148,15.52571181,0.380059602,16.04897906,14.8193527,0.383880234,1.082974363,102.8984435,0.000661276,0.000862414,0.094097428,0.107517874,4.075687409,0.020718799,0.010102174,0.86026251,87,,,,,,CpxFF,,Floor Deposits / Slump Deposits,,,1,1,1
07-0-001491,-19.66935974,351.1266525,-19.67129348,351.1276251,18.39167584,0.192370843,18.59237211,17.91287962,0.267876862,1.03793318,15.7291041,0.00061396,0.000540586,0.051717806,0.098546571,4.667917813,0.021361793,0.006398543,0.75587606,84,,,,,,CpxFF,,Ejecta Deposits / Floor Deposits,,,1,1,1
10-0-010032,29.32583411,37.48073032,29.32598437,37.48098002,21.89275449,0.511734386,22.62758725,21.14556817,0.355952934,1.07008651,21.39408871,0.000675081,0.000830458,0.106683433,0.0985424,3.141262692,0.016264121,0.007093815,0.98351806,137,,Rd,,,,CpxFF,,Slump Deposits,,,1,1,2
11-0-008066,-8.81443236,25.59076043,-8.81427396,25.59101112,10.43448533,0.216530128,10.59949127,10.19853405,0.272442621,1.039315182,111.8432743,0.000607743,0.000598366,0.078855653,0.091647272,10.17637169,0.039642519,0.012124898,0.84822041,55,,,,,,CpxFF,,Ejecta Deposits / Floor Deposits,,,1,1,1
06-1-008331,21.34239567,326.3704372,21.34231153,326.3704417,39.81528978,0.830721459,41.24780737,38.30742143,0.370796533,1.076757605,35.12565964,0.00082303,0.000930374,0.122539595,0.118808125,1.991806864,0.009989961,0.004624378,0.9162904,187,,,,,,CpxFF,Terraced,Floor Deposits,,,2,1,1
03-1-008403,-17.37168055,204.7398708,-17.37176864,204.7398977,15.96304692,0.377583922,16.50245976,15.35683076,0.366092951,1.074600614,144.7277431,0.000715143,0.000769114,0.106953702,0.103277123,4.266003949,0.022092896,0.010036569,1,99,,,,,,CpxFF,,Floor Deposits / Slump Deposits,,,1,1,1
11-0-008593,-7.74874457,70.04258169,-7.748918821,70.04245308,18.80258088,0.387184137,19.09226206,18.46738787,0.253746274,1.033836631,147.0023317,0.000661677,0.000756061,0.099713248,0.097461766,8.005621911,0.027376975,0.007676105,0.90039736,104,,,,,,CpxFF,,Floor Deposits,,,1,1,1
10-0-006606,19.63731626,31.53795092,19.64046689,31.54062713,25.82410984,0.50592008,27.24923756,24.9181952,0.404688125,1.093547801,36.50814173,0.000640622,0.00057212,0.100713726,0.062120543,1.598732027,0.009212195,0.00487525,0.82029581,128,,Rd,,,,CpxFF,Terraced,Slump Deposits / Floor Deposits,,,2,2,1
07-0-001219,-16.17633533,357.4694888,-16.17581674,357.4700611,24.63191851,0.713212289,24.74338292,24.36451546,0.174325233,1.015549969,72.82272218,0.001095739,0.001141565,0.156600608,0.158316567,19.82253792,0.050452057,0.009211769,1,157,,Rd,,,,CpxFF,,Floor Deposits,,,2,2,1
07-0-000402,-6.439421054,359.2431364,-6.440360215,359.2442052,17.48583328,0.287409751,17.69479452,17.0660616,0.264199997,1.036841126,39.11169571,0.000690562,0.000901302,0.08789184,0.135447001,7.953065104,0.032964682,0.009707745,0.79411399,82,,Rd,,,There may be a cohesive lobe within the Rd ejecta.,CpxFF,,Ejecta Deposits / Floor Deposits / Slump Deposits,,,1,1,1
07-1-006893,-9.658987754,306.5448002,-9.673959765,306.5367004,29.19244355,0.493721835,31.9600939,28.69269931,0.44047184,1.113875469,60.68464648,0.00196632,0.001142157,0.305812873,0.079895693,1.601815064,0.018235101,0.011100339,0.73418462,118,,,,,,CpxFF,,Tectonics / Floor Deposits,,,1,1,1
02-1-005028,16.9719553,257.2959335,16.97206098,257.2959817,10.03802701,0.202950764,10.46652772,9.596086302,0.399264691,1.090707961,72.44550033,0.000383208,0.00037903,0.056227305,0.053607079,2.83718949,0.016316967,0.00845329,0.94596052,54,1,SLERS,SmAm,,,CpxFF,,,,,3,2,1
15-1-015423,-15.72073395,144.778609,-15.72055571,144.7792041,25.13040864,0.70677283,26.46970311,23.74111214,0.442200047,1.114931051,45.39340167,0.000698306,0.000715797,0.103890169,0.097759889,1.712618463,0.010348859,0.006342424,1,158,,Rd,,,,CpxFF,Gullies / Terraced,Slump Deposits / Floor Deposits,,,2,2,1
03-1-028432,-40.21290255,262.3506459,-40.21289687,262.3499756,21.15140314,0.471159433,21.96971945,20.3248365,0.379651591,1.080929702,157.3052496,0.000450609,0.000636027,0.070433072,0.065290834,1.933800207,0.010231138,0.004905706,1,146,,,,,,CpxFF,,Floor Deposits,,,2,1,1
13-1-001406,53.21494768,101.5077335,53.21499407,101.5077999,15.74740378,0.451416457,16.5827883,14.88817464,0.440385297,1.113822796,19.71237152,0.000385768,0.000690047,0.060352505,0.056242605,1.579563466,0.009601335,0.005842689,1,203,2,DLEPS,HuBL,Inner is Pseudo-Butterfly,,CpxFF,,Floor Deposits,,,2,2,1
11-4-039490,-29.93852469,63.03688963,-29.93854207,63.03688147,12.49755904,0.287387478,13.2242521,11.72922086,0.461869743,1.12746211,98.00252409,0.000228434,0.000250738,0.032863646,0.031782375,1.010312178,0.006262303,0.004145334,0.97220021,141,,,,,,,,,,,,,
07-0-002655,-29.67231099,351.6535662,-29.67323587,351.6513414,12.4599042,0.282830493,13.0098991,11.74159637,0.430663689,1.108017912,130.3394036,0.001135357,0.00057152,0.091797936,0.108864544,4.437065458,0.022036403,0.012909794,0.69415885,52,,,,,,CpxFF,,Floor Deposits / Ejecta Deposits,,,1,1,1
10-0-009153,27.32303006,46.35190389,27.32315991,46.35173812,10.77554231,0.479966523,11.29095924,10.22075342,0.424952422,1.104709093,155.0062657,0.000809578,0.000993981,0.130681051,0.115689606,5.279164219,0.031216145,0.017883946,1,72,,,,,,CpxFF,,Ejecta Deposits / Floor Deposits,,,1,1,1
10-0-007238,21.69098947,5.113437456,21.69096173,5.113403394,10.551281,0.139075288,10.78963068,10.31103037,0.294528914,1.046416341,158.0078966,0.000285435,0.000324715,0.043513402,0.041586991,4.16979817,0.017685363,0.005968366,0.95478594,64,1,SLERS,HuBL,,,CpxSuPt,,,,,3,2,3
16-3-000037,-49.87118419,111.1595406,-49.87882842,111.1298822,22.26834441,0.847735447,26.68943972,20.71374888,0.63060641,1.288489103,31.80291869,0.000431845,0.001512298,0.145781787,0.041884639,0.568487875,0.005563305,0.007504702,0.71014506,125,,,,,,CpxUnc,,Floor Deposits / Slump Deposits,,,1,1,1
03-1-019295,-30.88592945,254.4357126,-30.8865763,254.4388384,17.53807642,0.268602866,18.21018509,17.21613907,0.325875665,1.057739195,155.436537,0.000377536,0.000861595,0.106631249,0.053440281,3.321912574,0.018177648,0.007010119,0.79145306,87,,,,,,CpxFF,,Tectonics / Floor Deposits,,,2,1,1
15-1-005458,-6.940083473,135.3325686,-6.939926092,135.331433,51.27932304,0.790327972,52.19802051,50.12870345,0.278775125,1.041280083,56.69939064,0.000843347,0.00106061,0.125723319,0.14019445,3.219762283,0.012210777,0.003843262,0.87292147,271,,Rd,,,,CpxFF,Terraced,Slump Deposits / Ejecta Deposits / Floor Deposits / Tectonics,,,1,2,1
09-1-002626,47.91267349,53.78051294,47.91266964,53.78071378,28.37708059,0.426804467,28.81395847,27.90021915,0.249835443,1.032750256,168.8037078,0.000391626,0.000593395,0.058251197,0.057108223,2.8965264,0.010796513,0.002971143,0.99350917,375,,Rd,,,,CpxFF,,Floor Deposits,,,3,2,2
16-1-011285,-68.6591204,100.8171134,-68.65905755,100.8173959,14.6043896,0.221339458,14.84903414,14.34918549,0.257275979,1.034834635,89.66276325,0.000409088,0.001079975,0.058620817,0.056257231,5.552305728,0.020194422,0.005757627,1,92,,,,,,CpxFF,,Floor Deposits,,,1,1,1
12-1-006242,-58.35626809,80.76525876,-58.35987431,80.75155228,29.80465316,0.870693427,31.43090164,27.14247532,0.504245776,1.157996876,131.4580804,0.000739309,0.002320085,0.117177742,0.158803435,1.592757831,0.01026007,0.008033684,0.80057669,215,,,,,,CpxFF,,Slump Deposits / Floor Deposits,,,2,1,1
15-1-032402,-29.692645,161.3598243,-29.69262964,161.3596791,10.03295323,0.076533637,10.12750802,9.950429132,0.186183139,1.017796106,148.0616786,0.000176416,0.000245154,0.029924072,0.025703124,7.681538308,0.020348848,0.003994501,0.87422878,58,,,,,,CpxFF,,Floor Deposits,,,1,1,1
10-1-003197,33.93780877,79.65575301,33.94360618,79.64834803,36.57073423,0.494541267,36.82500123,35.14474539,0.29862071,1.047809589,48.83687377,0.001186283,0.001390439,0.079917404,0.221369274,2.867502499,0.020320333,0.006980682,0.72188151,156,,,,,,CpxUnc,,Floor Deposits / Dunes,,,1,1,1
12-1-000475,-44.71341393,40.68709901,-44.71338022,40.68719968,14.04487512,0.385958072,14.58854926,13.38744161,0.397348519,1.089718983,101.7277086,0.000630656,0.000877054,0.087472103,0.08986127,3.67441052,0.019074834,0.009807897,0.92994648,94,,,,,,CpxFF,,Slump Deposits / Floor Deposits / Landslide Deposits,,,1,1,1
10-0-009928,28.76019567,54.69786348,28.76029424,54.69790609,10.56302806,0.287649674,11.21417197,9.895485483,0.470483242,1.133261424,74.39913027,0.000359485,0.00038401,0.051901146,0.04879081,1.792590556,0.01119182,0.007663642,1,66,1,SLEPS,SmAm,,,CpxFF,,,,,1,1,1
06-1-003315,35.11457862,292.3468685,35.11469541,292.3469312,14.96226198,0.315755394,15.38499131,14.49979958,0.334307816,1.06104855,123.5070616,0.000540336,0.00067188,0.078845005,0.077466597,4.251383381,0.019669833,0.007855123,1,86,1,Rd/SLEPC,HuSL,,,CpxCPt,Terraced,,,,4,3,4
07-1-026796,-42.31314392,292.6530321,-42.31311569,292.6530805,12.11571185,0.28871272,12.43153391,11.79834279,0.315078152,1.053667801,24.36234064,0.000520213,0.000799252,0.086895901,0.077076765,5.8059855,0.027351053,0.010080997,1,87,,Rd,,,,CpxFF,,Floor Deposits / Slump Deposits,,,1,2,1
09-1-002895,46.06611186,15.04495092,46.12004083,15.08368195,23.96163597,0.60841595,31.52218214,22.96442484,0.685028422,1.372652804,76.7825556,0.003772029,0.003083704,0.501773657,0.127619881,0.850623015,0.013062772,0.023143339,0.39894,115,,,,,,CpxFF,,Floor Deposits,2,,1,1,1
08-1-004705,-53.4631884,335.1587159,-53.46216772,335.1560721,61.36476555,1.242819845,63.57831961,58.94008718,0.37494527,1.078694021,43.11982804,0.000736181,0.001421512,0.117035804,0.116125692,1.139296946,0.006180378,0.002908558,0.9484064,442,,,,,,CpxFF,,Dunes / Slump Deposits / Floor Deposits,,,2,1,2
03-1-004282,-11.61799667,206.8873733,-11.61790764,206.8903169,13.00622697,0.184851158,13.18375998,12.43548718,0.332103823,1.060172376,101.214802,0.000506148,0.001144153,0.067772034,0.149403099,6.179511977,0.035008708,0.013854135,0.73562509,53,,,,,,CpxUnc,,Floor Deposits,,,1,1,1
11-0-011661,-1.009515461,8.275452582,-1.038887678,8.307487415,31.63985726,0.793079181,31.43102805,25.4997931,0.58463889,1.232599336,44.57190703,0.002898069,0.003855135,0.169578134,0.623087041,1.925773906,0.028171959,0.030843988,0.65084219,92,,,,,,CpxUnc,,Floor Deposits,1,,1,1,1
15-3-000017,-8.236743794,143.6979101,-8.23664743,143.6979661,16.48610119,0.236954526,16.79769214,16.1456416,0.275914665,1.040385545,92.54279739,0.000405311,0.000405891,0.058544972,0.058665252,4.19692046,0.016858644,0.005238179,0.96323311,95,,,,,,CpxCPk,Channels,Floor Deposits,,,2,1,1
12-1-009438,-76.6554225,42.89874233,-76.65510103,42.90600718,47.77692887,0.798816657,48.89574974,46.39956216,0.315430196,1.053797654,62.0918343,0.001032951,0.004823485,0.150665009,0.159092028,2.918151263,0.013160483,0.00485788,0.91092223,248,,,,,,CpxFF,,Slump Deposits / Floor Deposits,,,1,1,1
11-1-005448,-15.04666406,24.07511527,-15.04829214,24.07588769,14.02813775,0.154546333,14.40925366,13.50368539,0.348916812,1.067060824,12.79895382,0.000584564,0.000379014,0.049081705,0.059646649,3.172925585,0.014040135,0.00595197,0.70051074,54,,,,,,CpxUnc,,Floor Deposits,,,1,1,1
02-1-002769,29.6789572,232.4678584,29.67908158,232.4678314,14.64480804,0.224381712,14.99081764,14.25161197,0.310144477,1.051868215,69.991825,0.000371877,0.000430204,0.052561491,0.054284257,3.492845981,0.015086839,0.005445607,0.97219676,82,,,,,,CpxFF,Terraced,Floor Deposits,,,3,1,1
07-1-024257,-37.73854516,305.5364376,-37.73855612,305.5365516,42.33268236,0.690725848,43.48654692,41.07121639,0.328632193,1.058808351,109.1016469,0.000614897,0.000787622,0.088673366,0.088797084,1.77179438,0.008066622,0.00314669,1,286,,Rd,,,,CpxFF,Gullies,Floor Deposits / Slump Deposits,,,2,2,2
16-1-006924,-57.58425885,162.822781,-57.58392609,162.8228276,19.33082017,0.558591607,19.47617613,18.96993916,0.226516304,1.026686273,94.49320462,0.000922269,0.001916597,0.130061636,0.151157362,13.11237197,0.043542667,0.010674014,0.91747713,153,,,,,,CpxFF,,Ejecta Deposits / Floor Deposits / Slump Deposits,,,1,1,1
14-3-000063,37.01858946,91.2840597,37.01859111,91.28405479,10.73099734,0.142693522,10.9936478,10.43182377,0.315590216,1.053856741,104.447619,0.000225137,0.000290539,0.032158318,0.033642802,2.800792205,0.012422308,0.004588498,0.96584177,70,,,,,,CpxFF,,Floor Deposits,,,1,1,1
10-1-005111,28.21345575,71.0345295,28.21353938,71.03439734,23.16212081,0.696800533,23.92777153,22.28159908,0.364502439,1.073880355,115.3536782,0.000889902,0.000996982,0.130685059,0.127302252,3.595688382,0.018803114,0.008487854,1,145,,,,,,CpxCPk,Terraced,Slump Deposits,,,2,2,2
07-0-003854,-38.93166594,349.0891501,-38.93110972,349.0890368,12.07980717,0.300774621,12.73205661,11.48211742,0.432096463,1.108859642,37.55238877,0.000582934,0.000776309,0.091291573,0.079606163,3.204161672,0.018772943,0.011059686,1,52,,Rd,,,There may be a cohesive lobe within the Rd ejecta.,CpxFF,Terraced,Floor Deposits / Slump Deposits,,,1,2,1
11-0-009895,-3.931330218,1.433925785,-3.931273671,1.433916711,12.24203678,0.139809143,12.51369177,11.96540443,0.292763106,1.045822717,71.3432158,0.000263033,0.000255096,0.038635558,0.037474757,3.143027462,0.013734451,0.004599407,1,73,1,SLEPC,SmSL,,There are hints of a second lobe inside the one I identified.,CpxFF,Terraced,,,,3,2,3
11-1-011481,-25.92104824,56.93188929,-25.92130673,56.93180505,16.35199633,0.38604975,17.04685851,15.59650117,0.403636636,1.092992481,47.06922171,0.000512383,0.000583785,0.074376674,0.073069473,2.502280663,0.013276708,0.006997333,1,106,,Rd,,,There may be a cohesive lobe within the Rd ejecta.,CpxUnc,Gullies,Slump Deposits,,May be CpxCPt,2,2,3
07-0-000313,-4.624820265,346.1594196,-4.624279495,346.1599483,48.40285132,1.002116558,49.87033997,46.91878083,0.338919602,1.06290784,18.00743642,0.000940701,0.000955118,0.140249374,0.131277245,2.196885401,0.010360497,0.004216617,0.93634778,271,,,,,,CpxFF,,Fractured / Ejecta Deposits / Floor Deposits,,,1,1,1
13-3-000534,55.51476363,156.4447036,55.51586696,156.4368555,34.28445599,1.058342408,36.85124044,30.53339599,0.559903005,1.206915878,84.21609049,0.000486689,0.000911096,0.069813565,0.080804054,0.515418944,0.003990553,0.003928049,0.9146235,243,,,,,,CpxUnc,,Floor Deposits,,,2,1,1
10-0-011507,34.17359749,53.35008471,34.17356084,53.35000825,10.43965873,0.115890836,10.73161264,10.16540218,0.320528077,1.055699759,177.0687612,0.000177861,0.000233533,0.028075708,0.025633794,2.232756357,0.010171664,0.003836007,0.96647465,67,,Rd,,,,CpxFF,,Floor Deposits,,,1,1,1
06-1-002206,38.19657783,309.4561818,38.19599826,309.4559445,19.32620944,0.768589627,21.48838503,17.30426448,0.592888516,1.241797075,175.1847581,0.000506978,0.000768487,0.087294052,0.073788936,0.888420572,0.006441772,0.007313584,1,120,4,MLERS,HuBL,,,CpxFF,Terraced,Floor Deposits,,,3,2,3
14-1-013670,0.177465069,93.32048788,0.181937342,93.32041441,58.86071622,1.676591162,60.80219628,56.18301725,0.382321408,1.082216642,157.7723929,0.001814827,0.001472312,0.216549944,0.248239495,2.452886544,0.012674119,0.006141706,0.86573941,298,,Rd,,,,CpxFF,Gullies / Terraced,Ejecta Deposits / Floor Deposits / Slump Deposits,,,3,2,3
13-3-000565,52.24952751,147.5263145,52.25056378,147.5297492,59.48958329,0.899041713,61.25865602,58.18968369,0.312549696,1.052740832,21.06753263,0.000516908,0.00104386,0.097465337,0.074263452,1.230582814,0.005888364,0.002147228,0.92461646,414,,,,,,CpxUnc,,Floor Deposits,,,1,1,1
03-1-024535,-36.18852339,237.9623304,-36.18657368,237.9611266,15.0831398,0.242615375,15.74078919,14.67234442,0.362143023,1.072820317,125.0053333,0.000660506,0.000607594,0.101623073,0.065153,3.22180368,0.018799464,0.008406332,0.83237565,79,,,,,,CpxFF,Terraced,Floor Deposits / Ejecta Deposits,,,1,1,1
11-0-003503,-22.06907732,26.18864883,-22.06891648,26.18683531,24.57957109,1.003225275,26.76359939,22.34469049,0.550415188,1.197761026,173.302824,0.000982198,0.001209962,0.16294814,0.14504243,1.57051237,0.011270473,0.010659653,0.98467427,161,,,,,,CpxFF,,Floor Deposits,,,1,1,1
03-1-010653,-20.82264152,190.724324,-20.82294886,190.7244327,10.66148016,0.377865232,11.23060927,10.1321604,0.431335679,1.108412108,165.6825755,0.000597325,0.000750632,0.106940037,0.087003599,3.806608947,0.024195897,0.014212186,0.90766281,61,,Rd,,,,CpxFF,,Floor Deposits,,,1,2,1
10-1-011190,0.397026475,39.17093615,0.397078676,39.17092277,19.73881689,0.301269697,20.30598869,19.15872552,0.331368993,1.05988202,44.53513616,0.000325959,0.000323728,0.04783999,0.046476068,1.919972512,0.009084389,0.0035841,0.98320448,114,,,,,,CpxUnc,,Tectonics / Floor Deposits,3,,1,1,1
06-0-003192,7.746837823,347.631069,7.746871524,347.63112,10.42569236,0.365045921,10.62330782,10.1300444,0.301178397,1.048693115,96.49353027,0.000912694,0.000894706,0.132926825,0.129227678,12.12734015,0.053949001,0.018739262,1,66,,Rd,,,,CpxCPk,,,,,1,2,2
06-0-001486,20.05050372,352.2302143,20.05053505,352.2301759,14.29429373,0.303883705,14.64060731,13.90275233,0.313457713,1.053072583,79.44512114,0.000512178,0.000530233,0.073434389,0.073305376,4.628316909,0.020935241,0.007663583,1,90,2,DLEPS,HuBL,,,CpxSuPt,Terraced,,,,3,2,3
16-1-011046,-70.90364166,103.1400695,-70.90386551,103.1407841,22.27426743,0.659469562,23.5855918,20.96470624,0.458144586,1.12501418,12.2862928,0.0008304,0.002800818,0.133336054,0.119444773,2.260066653,0.013841801,0.009029613,1,138,,Rd,,,,CpxFF,,Floor Deposits / Slump Deposits,,,2,2,2
10-1-008008,15.82172188,61.08904419,15.82299039,61.08809368,12.11097354,0.404313078,12.8920336,11.12608647,0.505169272,1.15872132,53.851238,0.000995236,0.000680202,0.099677188,0.113646001,3.485106538,0.018887558,0.014843959,0.78701317,56,,,,,,CpxFF,,Floor Deposits,,,1,1,1
10-0-011430,34.71302289,38.92015471,34.71306517,38.9202318,10.55584975,0.14964138,10.76146014,10.34469487,0.27559994,1.040287826,10.69562982,0.000335095,0.00042946,0.051087398,0.048527528,5.613382831,0.022376944,0.006942893,1,71,3,Rd/MLERS,HuBL,,,CpxFF,,,,,3,2,2
11-1-012729,-27.87910548,50.85105338,-27.87917817,50.85106965,12.75946619,0.189730307,13.11111861,12.42950082,0.318233886,1.054838709,161.9635996,0.000256939,0.000319857,0.041182048,0.037692066,2.659567172,0.012329995,0.004605402,1,82,,,,,,CpxFF,,Floor Deposits,,,2,1,2
09-1-003170,44.5066808,23.58991271,44.50546806,23.59066913,11.39533269,0.27269467,12.01942615,10.9214266,0.417563112,1.100536275,128.8357626,0.000747474,0.000637967,0.099721347,0.063568013,3.744939611,0.020039266,0.01115365,0.8103137,122,,,,,,CpxFF,Terraced,Floor Deposits,,,2,1,2
06-1-014962,6.089993908,308.046847,6.089095405,308.0483548,13.95906266,0.337986695,14.93352025,13.18893086,0.469041212,1.132276786,170.4193216,0.000377085,0.000458105,0.06926634,0.051844288,1.581637431,0.010110771,0.006884194,0.86699271,69,,Rd,,,,CpxFF,,Slump Deposits,,,1,1,1
12-1-000350,-44.74937603,30.17561199,-44.75026524,30.17479288,17.62492707,0.560968285,18.37807891,16.84836607,0.399428686,1.090792948,26.88152221,0.000803385,0.001266626,0.128764556,0.115632367,3.806529704,0.020636992,0.010698247,0.97094321,128,1,SLEPS,SmBL,,,CpxFF,,Slump Deposits / Floor Deposits,,,2,2,2
10-1-005620,26.8981007,78.85830981,26.89778362,78.85471941,17.63071045,0.526604292,19.09231662,16.46487633,0.506257574,1.159578501,22.94709041,0.000583178,0.00092533,0.115862784,0.083787842,1.857346601,0.011634438,0.009183694,0.87124699,94,,,,,,CpxFF,Channel W,Floor Deposits,,,1,1,1
02-1-004160,20.59126788,198.348822,20.59126027,198.3488453,12.36590505,0.198290981,12.47974947,12.21299579,0.205652517,1.021841789,65.28632972,0.000484424,0.000528337,0.069901481,0.074161074,12.18074361,0.038471415,0.008441569,0.88034672,65,,,,,,CpxFF,,,,,2,1,1
15-1-020950,-19.35366469,177.0190027,-19.35521707,177.0170529,10.05429823,0.445850546,11.529694,8.829642831,0.643057829,1.305793929,49.91740324,0.000441079,0.000471629,0.077584975,0.053926679,1.006243263,0.0082879,0.011866387,0.89254957,56,,Rd,,,There may be a cohesive lobe within the Rd ejecta.,CpxFF,,Slump Deposits / Floor Deposits,,,2,2,1
14-3-000159,19.45591687,106.4314813,19.45586154,106.4314997,21.17141077,0.332966132,21.9302228,20.44223082,0.362075432,1.072790097,49.41836801,0.000315004,0.000339178,0.0484276,0.044294077,1.430493891,0.007424361,0.003318963,0.97644609,117,,,,,,CpxUnc,,Floor Deposits,,,1,1,1
03-1-005360,-13.23528852,192.2598701,-13.2352915,192.259857,18.62939644,0.255350336,18.826426,18.40708192,0.209886427,1.022781671,8.541736997,0.000454386,0.000471403,0.066463961,0.065694305,7.418704348,0.022864314,0.005134419,1,112,,,,,,CpxFF,,Floor Deposits,,,1,1,1
13-3-000489,59.26666193,133.2055467,59.26672367,133.2050515,28.46207672,1.12996304,31.35082265,24.72654199,0.614772198,1.267901621,78.48981602,0.000346741,0.000681016,0.049591607,0.052090682,0.353045738,0.002665643,0.003340203,0.97976899,223,,,,,,CpxUnc,,Floor Deposits,,,1,1,1
16-1-001739,-47.2099011,120.017918,-47.21027854,120.0154261,15.30136153,0.361775643,15.75826932,14.54433997,0.384882531,1.083464038,83.95195789,0.00038315,0.000724959,0.053916727,0.073643957,2.424773502,0.013525623,0.006621082,0.82777423,95,,,,,,CpxUnc,,Floor Deposits,,,1,1,1
07-1-017153,-25.15399111,317.90696,-25.15530544,317.9067339,12.28054855,0.327644716,12.9370648,11.4959113,0.458677621,1.125362267,176.5751132,0.000456118,0.000502295,0.066731463,0.06911978,2.037171292,0.013637674,0.008915073,0.88159484,68,,,,,,CpxFF,,Floor Deposits,,,1,1,1
16-3-000309,-69.62211782,163.2980844,-69.62706974,163.2874805,11.84296843,0.228205091,12.6237699,10.8422396,0.512185357,1.164313866,175.8791636,0.002213297,0.006243033,0.252744397,0.225502452,5.195299001,0.041578375,0.033612814,0.6172666,37,,,,,,CpxUnc,,Floor Deposits / Dunes / Slump Deposits,,,1,1,1
11-1-005928,-16.35435446,74.03878558,-16.35538913,74.03691829,11.44308498,0.173266096,12.0001301,11.14995929,0.369694914,1.076248781,38.62741641,0.000421673,0.00064118,0.097220961,0.050550706,3.436604467,0.021680196,0.009991822,0.79085809,54,,,,,,CpxUnc,,Floor Deposits,,,1,1,1
03-1-003481,-10.69675336,256.5879585,-10.69689344,256.5878653,25.63494189,0.48166413,26.25916214,24.94840419,0.311994871,1.052538749,85.30225804,0.000724413,0.000712986,0.105558715,0.102944218,3.634808151,0.016666778,0.006063361,1,155,2,DLERS,HuBL,,,CpxCPt,Terraced,Slump Deposits,,,4,3,4
15-1-012974,-13.18176167,98.6086527,-13.19534408,98.60209941,37.034115,1.35514805,39.80072758,32.62918024,0.572630386,1.219789381,161.9545076,0.000939852,0.000916785,0.126084379,0.149948933,0.781436755,0.006551141,0.006808412,0.82719743,188,,Rd,,,,CpxFF,,Slump Deposits / Floor Deposits,,,1,3,1
16-1-010179,-77.2225595,128.2877317,-77.22192517,128.2890811,30.93961888,0.870524719,32.21428711,29.67409069,0.389215094,1.085603176,92.79717954,0.000923576,0.003792247,0.133186506,0.121207563,2.352861892,0.012670129,0.006309341,0.94774628,174,,,,,,CpxUnc,,Floor Deposits,,,2,1,1
10-1-000258,43.84307588,89.51758311,43.84287157,89.51763383,14.01115791,0.39745304,14.46247586,13.45290768,0.367068384,1.075044608,82.65858373,0.000605795,0.000851052,0.086496044,0.090062089,4.105642013,0.021160816,0.009650701,0.97430122,95,1,SLEPC,HuSL,,,CpxFF,,Slump Deposits,,,3,3,1
16-1-001463,-45.85594476,109.2534489,-45.85619916,109.2534798,27.56317147,0.42407978,27.68653413,27.3974894,0.144120832,1.010550044,3.560612282,0.000630028,0.000986196,0.10031956,0.089616943,15.58658245,0.03316695,0.004932939,0.98894244,201,,,,,,CpxFF,,Floor Deposits / Slump Deposits,,,2,1,1
08-1-000243,-44.07289699,301.0585607,-44.07284096,301.0583083,12.03630782,0.268747975,12.64091739,11.34552871,0.440965294,1.114176141,89.78295854,0.000306868,0.000421841,0.04419976,0.045101027,1.57709881,0.009671342,0.005898651,1,85,,,,,,CpxFF,Gullies,Slump Deposits / Floor Deposits,,,1,1,1
02-1-003831,23.0622427,184.1695801,23.06233674,184.1695689,12.80002303,0.185559148,13.00711716,12.54793072,0.263361219,1.036594595,60.88972607,0.000499234,0.000563276,0.07096622,0.073523934,7.810706841,0.028291837,0.008299268,0.90373582,65,1,SLEPS,SmSL,,,,,,,,3,2,3
04-1-009219,-62.89871469,242.9031802,-62.89803986,242.9017745,10.71897348,0.136591368,10.92154986,10.44847314,0.291128024,1.045277115,23.5103807,0.000263829,0.000828934,0.034654018,0.047182175,4.562938775,0.017350584,0.005768892,0.74563867,78,1,SLEPS,HuBL,,,CpxFF,,,,,3,2,3
11-0-004998,-15.64117582,2.047737393,-15.64111769,2.047771515,28.29154654,0.311715216,28.69968563,27.84736812,0.241895927,1.030606753,115.89873,0.000474743,0.000492887,0.068685713,0.068483405,3.806469325,0.013355988,0.00353658,0.98116225,171,,,,,,CpxFF,,Floor Deposits,,,1,1,1
07-1-006669,-9.570174656,334.8615262,-9.570060824,334.8614718,11.04203926,0.39358347,11.66165547,10.37384386,0.456801383,1.124140254,118.1751006,0.000795951,0.00076997,0.117757109,0.108587918,4.028417194,0.025195401,0.016349715,0.96988857,65,,,,,,CpxFF,,Fractured / Floor Deposits,,,1,1,1
12-1-005020,-54.73064997,74.21245168,-54.73245617,74.22003813,31.57880752,0.582554957,31.65435581,30.75337866,0.236887758,1.029296851,69.78866237,0.000934093,0.003613673,0.099195026,0.320600436,6.876883527,0.04337426,0.011204607,0.72356051,183,,,,,,CpxFF,,Slump Deposits,,,2,1,1
04-1-002489,-48.05315972,219.9203354,-48.05215284,219.9203588,45.77914141,0.980600407,47.66816007,43.864841,0.391418945,1.086705411,126.8769775,0.000795606,0.00118793,0.117240461,0.110336459,1.439597982,0.007610796,0.003823027,0.94166631,314,,Rd,,,,CpxFF,Terraced,Slump Deposits / Floor Deposits / Tectonics,,,2,2,2
06-1-000737,42.12549799,305.6113449,42.12539604,305.6115085,17.00919448,0.362525151,17.44241898,16.51992368,0.320903302,1.055841378,28.49323815,0.000635326,0.000873525,0.093466621,0.091827016,4.737219548,0.02158218,0.008152026,0.91811866,99,1,SLEPS,HuBL,Small-Crown,,CpxFF,Gullies / Terraced,Floor Deposits,,,3,2,3
04-1-009048,-62.79751733,196.0001967,-62.79715058,195.9997108,58.59460356,0.850494066,59.1994375,57.72892682,0.221501386,1.025472683,77.83313442,0.000679564,0.001728901,0.098150105,0.113784031,3.448447144,0.011057392,0.002641201,0.91110015,491,,,,,,CpxFF,Terraced,Dunes / Slump Deposits / Floor Deposits,,,2,2,1
06-3-000038,40.15098948,352.8255875,40.14600992,352.8229359,28.26935065,0.603473666,29.69938974,26.39822701,0.45820323,1.125052441,177.1452443,0.000765997,0.000950672,0.096343336,0.112553071,1.499136446,0.009237458,0.006027385,0.81539106,151,,,,,,CpxUnc,,Floor Deposits,,,1,1,1
06-1-015493,5.162273845,331.1290499,5.16250401,331.1282137,23.58125538,0.788780843,25.10675354,22.03852278,0.479040844,1.139221253,1.944925943,0.001033176,0.001164557,0.168035732,0.151226736,2.392909593,0.015417802,0.010919915,0.90260184,108,,Rd,,,,CpxCPk,Channel N / Gullies,Floor Deposits,,,2,2,1
05-1-001072,59.40649096,302.5128511,59.40650289,302.5127374,24.09341633,0.294660695,24.38173523,23.78291503,0.220266178,1.025178587,169.0543505,0.000310171,0.000618958,0.045993902,0.045182939,3.513495519,0.011565012,0.002744685,1,297,1,SLERS,HuSL,,There are hints of a second lobe beyond the one I identified.,CpxCPk,Gullies,Dunes,,,3,2,3
10-0-007915,23.67231169,0.218477254,23.67234,0.218448079,13.71852738,0.239357045,14.16049245,13.27572644,0.347934897,1.066645394,142.6626491,0.000331591,0.000368726,0.049911924,0.04663157,2.58444162,0.012570485,0.005307747,1,84,2,DLERS,HuBL,,,CpxCPk,Gullies,Slump Deposits,,,3,2,3
11-1-019042,-43.22423881,21.86130067,-43.22805838,21.87084269,11.31647516,0.272239742,11.64328384,9.927431771,0.522512535,1.172839472,51.62528319,0.000507516,0.001471077,0.061156558,0.147308759,2.472503801,0.021900398,0.018461392,0.69156003,51,,,,,,CpxUnc,,Floor Deposits,,,1,1,1
07-1-020241,-30.77490407,300.8642271,-30.77482867,300.8643639,17.45431144,0.297387518,17.98689956,16.86625229,0.347455498,1.06644317,64.83493837,0.000383701,0.000453514,0.056227964,0.056753319,2.318557821,0.011622855,0.004898072,1,115,2,DLERS,HuBL,,,CpxUnc,Terraced,Floor Deposits,,,3,2,2
05-3-000028,80.3697694,320.963643,80.36995694,320.9623948,13.09988678,0.088129129,13.25398367,12.95574123,0.210945138,1.023020098,109.3071568,0.000374004,0.001325838,0.038014364,0.034092989,6.933822436,0.017631259,0.003982038,0.74385136,55,,,,,,CpxUnc,,Floor Deposits,,,2,1,1
11-0-011819,-2.866977086,31.28245543,-2.861209005,31.29656545,46.81515561,0.957879831,50.47372681,44.30959534,0.478890847,1.139115048,5.1420284,0.001640653,0.002749324,0.305556549,0.18566364,1.837578705,0.011848134,0.008386664,0.68542117,163,,Rd,,,,CpxUnc,,Floor Deposits / Ejecta Deposits,,,1,1,1
11-0-009212,-5.847748395,43.64377772,-5.847753675,43.64400328,13.54351119,0.289777678,14.03452972,13.05478886,0.367076671,1.075048387,20.28283621,0.0004826,0.000536357,0.074865015,0.069163988,3.651494585,0.017721598,0.008082463,0.92455816,75,,,,,,CpxFF,,Floor Deposits,,,1,1,1
04-1-001119,-45.28040401,210.9249825,-45.2809005,210.9222171,20.38742162,0.363173112,21.76329741,19.43778672,0.449768251,1.119638657,9.87450305,0.000323942,0.000621431,0.068574525,0.047618807,1.022047417,0.007078833,0.00446873,0.90920007,136,,,,,,CpxFF,,Ejecta Deposits / Floor Deposits,,,1,1,1
10-1-002653,35.19231789,23.01351099,35.19232217,23.01341344,14.83424048,0.374055403,15.96725115,13.63403856,0.520477927,1.171131436,82.03716516,0.000235883,0.00027052,0.033819161,0.03236324,0.665300592,0.004456446,0.0037257,1,93,,,,,,CpxFF,Gullies,Slump Deposits,,,1,1,1
12-1-003801,-52.18117368,36.48530021,-52.18100206,36.48594884,46.84639298,1.070940415,47.61371992,45.72197548,0.279076331,1.04137495,111.3078467,0.001057656,0.001894073,0.151381057,0.166229644,4.071921152,0.015958283,0.005029567,0.9741978,364,,,,,,CpxUnc,Gullies,Dunes / Slump Deposits / Floor Deposits,,,1,1,1
15-1-042589,-42.62122268,102.0028533,-42.62138879,102.0025207,16.67285125,0.408080771,16.84519422,16.39808403,0.228867004,1.027266002,91.01384219,0.00067759,0.00097362,0.099292885,0.108009533,10.20345008,0.036598024,0.009080078,1,119,,,,,,CpxFF,,Floor Deposits,,,2,1,1
06-3-000015,41.91674558,353.6699255,41.91675106,353.6698183,17.04090904,0.39665136,18.14727356,15.86290377,0.485709129,1.144007038,122.2834924,0.000296242,0.000411602,0.044140155,0.042726421,0.902982512,0.00570922,0.004151826,0.98205298,115,,,,,,CpxFF,,Ejecta Deposits / Floor Deposits,,,1,1,1
10-0-009115,26.7506921,54.79984746,26.74628251,54.80486761,107.54435,2.633259088,112.0139368,103.2201153,0.388393768,1.085194843,144.6763087,0.002154093,0.002190491,0.314981655,0.261039691,1.618974566,0.008268459,0.004104119,0.88524741,592,,Rd,,,,CpxFF,Gullies / Terraced,Ejecta Deposits / Slump Deposits / Floor Deposits,,,1,1,1
12-1-001398,-47.22212701,11.66567217,-47.22201537,11.66574709,17.582689,0.281917858,17.68822958,17.4162648,0.174684079,1.015615563,96.90387607,0.000451072,0.000730523,0.064953188,0.073955184,11.66024441,0.031156713,0.005701551,0.9794454,130,,Rd,,,,CpxFF,,Floor Deposits / Slump Deposits,,,1,2,1
15-1-016538,-16.50902064,98.14621499,-16.50911163,98.14556305,21.80390842,0.70370442,22.08207587,21.34282194,0.256582083,1.034637122,156.6648089,0.001251362,0.001270749,0.176587575,0.174749729,11.53898867,0.041669225,0.011841478,0.94540155,128,,,,,,CpxFF,,Slump Deposits / Floor Deposits,,,1,1,1
06-0-001639,19.02399324,349.4275278,19.02369607,349.4273535,107.0858179,2.420066235,109.8117757,104.0711649,0.319093687,1.055160436,167.7927123,0.001526975,0.001682514,0.230107338,0.222407825,1.839041416,0.008424659,0.003158101,0.96370858,681,,,,,,CpxFF,Gullies,Floor Deposits,,,2,1,1
11-0-005134,-15.66337708,26.56703802,-15.663133,26.56666272,40.15175314,0.750236243,41.45240385,38.76434812,0.354243549,1.069343504,86.05405275,0.000865854,0.000860852,0.124591416,0.1202113,2.148556992,0.010661302,0.004618106,1,245,,,,,,CpxFF,,Floor Deposits,,,1,1,1
15-1-028399,-25.69787333,97.53365729,-25.6976193,97.53416596,16.28768814,0.545137421,16.61662373,15.88753343,0.292966072,1.045890717,1.803684425,0.000867011,0.001032645,0.136294943,0.125923761,8.226468368,0.035591531,0.011929519,1,108,,Rd,,,,CpxFF,Terraced,Slump Deposits / Floor Deposits,,,2,2,2
04-1-005425,-53.74797667,235.3499935,-53.74755074,235.3541417,37.21058202,1.232054672,39.39142938,34.22995095,0.494865635,1.150788368,113.7669591,0.001096026,0.00203046,0.16035408,0.17532685,1.501333939,0.009983357,0.007529225,0.91950655,277,,,,,,CpxFF,,Floor Deposits,,,1,1,1
15-1-043087,-42.15572131,154.6285001,-42.1555922,154.6283246,18.00211199,0.474331593,18.91535432,17.03212248,0.434982333,1.110569416,55.49089199,0.000487279,0.000691089,0.073630922,0.070880879,1.808484917,0.010621583,0.006328459,0.97775191,127,,,,,,CpxFF,Terraced,Tectonics / Slump Deposits / Floor Deposits,,,2,1,1
16-1-005971,-55.68522824,151.6584343,-55.68584703,151.6567798,24.66745874,0.593729665,25.51175535,23.5841781,0.381318886,1.081731797,127.2758274,0.000605958,0.001219103,0.091867994,0.09862229,2.236975865,0.012367859,0.00596955,0.92785633,200,,Rd,,,,CpxFF,,Floor Deposits / Slump Deposits,,,2,2,2
04-1-004028,-50.60759676,215.0915052,-50.58679178,215.0921868,18.94620807,0.920132493,23.16263943,16.86123195,0.685630743,1.373721654,89.42340049,0.003882872,0.002798494,0.471618843,0.168751833,2.018820198,0.017535077,0.031166941,0.71262681,87,,,,,,CpxUnc,,Ejecta Deposits / Floor Deposits,,,1,1,1
11-0-003247,-23.26344055,39.97848225,-23.26350706,39.97857994,26.00144273,0.634450987,27.14879165,24.81204222,0.405876236,1.094178037,112.0714389,0.000628553,0.000660539,0.091160682,0.086900325,1.806221966,0.009984955,0.00530889,1,165,,,,,,CpxFF,,Floor Deposits / Slump Deposits,,,1,1,1
04-1-001333,-45.34966631,183.471966,-45.34941903,183.4718407,19.83082258,0.249530609,20.34911536,19.24750738,0.324561555,1.0572338,91.58098983,0.000373101,0.000533444,0.053616753,0.055054161,2.298548533,0.010719941,0.004111522,0.96699327,134,,,,,,CpxFF,,Floor Deposits,,,1,1,1
07-1-024366,-37.81321417,290.6677399,-37.81182339,290.6633401,23.50347635,0.567479498,24.12283901,22.37781003,0.373424158,1.077980329,55.87155613,0.00062529,0.001175632,0.090554315,0.134646326,2.833160329,0.016343313,0.007644957,0.80282235,123,,Rd,,,,CpxFF,Terraced,Slump Deposits / Floor Deposits,,,1,2,2
10-0-000039,0.697032415,11.37044275,0.696449827,11.37218017,11.62465079,0.146028773,11.85678488,11.15444198,0.339060769,1.06296531,82.93583374,0.000222652,0.000295262,0.02563647,0.044668101,2.319038892,0.011879172,0.0048375,0.75814003,49,,Rd,,,,CpxFF,,Tectonics / Floor Deposits,,,1,1,1
02-1-002966,27.98811349,242.7503987,27.98802965,242.7504716,18.64693758,0.310627447,19.23988023,18.09472799,0.339848258,1.063286513,169.5130417,0.000371423,0.000458568,0.059416771,0.053794717,2.282101235,0.011156642,0.004557949,1,108,,Rd,,,,CpxFF,,,,,3,2,1
16-1-001323,-46.20469684,135.119664,-46.20465484,135.1228504,19.34309258,0.403160995,20.11766398,18.85102623,0.349225998,1.067191978,164.9483309,0.000579752,0.001266864,0.138153509,0.084745502,3.505710295,0.020636659,0.008759385,0.84454256,125,,,,,,CpxFF,,Floor Deposits / Slump Deposits,,,1,1,1
11-1-013454,-28.39085746,83.42291767,-28.38918228,83.41960374,32.99166399,0.646367724,33.9700333,31.51530391,0.373231141,1.077890075,76.38707351,0.000809522,0.000926559,0.092087854,0.122818165,2.29943087,0.010947438,0.005116981,0.80651742,161,,,,,,CpxCPk,Terraced / Gullies,Floor Deposits,,,2,1,1
10-0-008801,26.09805629,18.98701277,26.09804598,18.9869965,10.17971975,0.111509693,10.25304293,10.09706691,0.173763881,1.015447656,165.7184675,0.000307829,0.000351824,0.045921864,0.044521019,13.58717523,0.035078038,0.006382156,1,65,,Rd,,,There may be a cohesive lobe within the Rd ejecta.,CpxFF,,,,,1,2,1
07-1-008991,-13.34381446,333.2993007,-13.34484342,333.2946657,15.7647284,0.224163619,16.82240576,15.30463731,0.41509742,1.099170494,8.775488704,0.000362369,0.000685621,0.103020625,0.049090078,1.731825946,0.013784672,0.007598741,0.79835212,74,,,,,,CpxUnc,,Ejecta Deposits / Floor Deposits,2,,1,1,1
15-1-014841,-15.38938704,174.44609,-15.38969059,174.4455708,14.99173205,0.586038429,16.18866367,13.74339869,0.528469934,1.177922873,140.4197889,0.000576304,0.000619056,0.087469005,0.08111214,1.635952648,0.010912491,0.009425291,0.9612003,92,,,,,,CpxFF,,Slump Deposits / Floor Deposits,,,1,1,1
16-1-003346,-50.06830658,177.264831,-50.0683811,177.2646867,10.61234418,0.136126402,10.92919636,10.29656157,0.335289466,1.061441364,130.3015466,0.000209975,0.000354217,0.032359085,0.030727807,2.376073518,0.01112842,0.004462122,1,85,2,DLEPS,HuSL,,,CpxFF,,Floor Deposits / Slump Deposits,,,3,2,3
16-1-001039,-45.95195145,172.0778133,-45.95082057,172.0784256,15.97413849,0.65005379,17.65257019,14.39206344,0.579044925,1.226548942,51.37433602,0.000759514,0.001022329,0.112171333,0.09549475,1.545219402,0.010546326,0.011268551,0.92417943,108,,,,,,CpxFF,,Floor Deposits,,,1,1,1
07-0-000589,-10.29400756,340.6270544,-10.37784275,340.6230906,28.81865863,0.324871816,25.67274991,18.3916129,0.697703592,1.395894425,175.7503781,0.005475842,0.001653468,0.252063089,0.675933886,1.319979714,0.027981931,0.053101447,0.61627793,66,,,,,,CpxFF,,Floor Deposits,1,,1,1,1
03-1-029832,-42.46402938,247.4837691,-42.47976004,247.4861981,64.2888868,1.50848515,67.3125511,62.95972125,0.353765754,1.06913674,108.0470527,0.003945705,0.002212478,0.534620651,0.223044995,3.561840637,0.021506476,0.009297899,0.77815092,310,,Rd,,,,CpxCPk,Terraced,Floor Deposits / Slump Deposits,,,2,2,1
04-1-010586,-65.29316955,225.8690357,-65.2930863,225.8695773,20.14579746,0.542277415,20.9411054,19.27253816,0.391164078,1.086577451,7.030086886,0.000802784,0.002040415,0.124693145,0.11851272,3.286650747,0.018534535,0.009300852,1,124,,Rd,,,There may be a cohesive lobe within the Rd ejecta.,CpxFF,,Slump Deposits,,,3,2,3
15-1-016150,-15.77007214,100.7536674,-15.77011167,100.753671,13.41882433,0.245898014,13.74646417,13.07857705,0.307914917,1.051067262,164.0133729,0.000414133,0.000439924,0.062690839,0.059916147,4.189550595,0.019003068,0.00679432,1,86,,Rd,,,There may be a cohesive lobe within the Rd ejecta.,CpxCPt,Terraced,Slump Deposits / Floor Deposits,,,3,2,3
15-1-020630,-19.072719,159.7196552,-19.07280737,159.718562,20.75537161,0.429829103,21.26958537,20.22975498,0.3088466,1.051401037,175.0471258,0.000817689,0.000997753,0.135297356,0.116059576,5.783119145,0.025090022,0.009006355,0.88696134,115,,Rd,,,,CpxUnc,,Ejecta Deposits / Floor Deposits / Slump Deposits,,,2,2,2
15-1-021297,-20.68302024,165.9643794,-20.68309979,165.9644242,13.92059783,0.316920374,14.32888067,13.47020396,0.340971297,1.063746377,104.9773369,0.000588131,0.000609384,0.085811079,0.083248121,4.523308803,0.022304588,0.009154325,1,88,2,Rd/DLEPS,HuSL,,,CpxCPt,Terraced,Slump Deposits,,,3,2,3
14-1-007248,16.61904474,169.549898,16.61900145,169.5486706,20.16310447,0.322049837,21.09676533,19.38596754,0.394473996,1.088249286,21.08390942,0.000218557,0.000315447,0.039983738,0.031927081,1.082216164,0.005374575,0.002732422,0.85279936,99,,,,,,CpxFF,,Floor Deposits,,,1,1,1
03-1-021292,-33.62612517,260.0044557,-33.62809137,260.0083773,43.14212654,0.628718888,44.12136079,42.57491764,0.262432917,1.036322869,149.2235262,0.001121245,0.0015646,0.22754884,0.128434265,4.354046965,0.021199032,0.006191838,0.81383365,216,,,,,,CpxUnc,,Floor Deposits / Tectonics,,,1,1,1
04-1-003249,-48.05613966,256.484469,-48.06911797,256.4860621,11.29848647,0.765079624,14.5433341,9.508075196,0.756688592,1.529577102,90.42879344,0.00122037,0.00075207,0.175651082,0.070212594,0.823037864,0.007996372,0.021653311,0.84588522,64,,Rd,,,,CpxUnc,,Floor Deposits,,,2,2,1
10-0-011783,38.03455288,50.97345384,38.03449772,50.97377281,107.1583742,1.727429802,108.2474786,105.6121962,0.219310911,1.024952443,67.41157134,0.001372006,0.002135713,0.202389186,0.225262911,4.182998753,0.012311141,0.002907165,0.8329488,602,,Rd,,,,CpxUnc,Gullies / Terraced,Ejecta Deposits / Slump Deposits / Floor Deposits,,,2,1,1
04-1-006490,-55.57020212,208.6177848,-55.57018907,208.6180699,27.57107916,0.815158745,28.77227879,26.35042901,0.4015731,1.091909311,42.38542892,0.000743011,0.001507607,0.121744626,0.110172603,2.231299056,0.012424344,0.006495279,0.97288233,230,,Rd,,,,CpxFF,Terraced / Gullies,Slump Deposits,,,3,2,3
11-0-001451,-32.78872963,42.67737876,-32.78880147,42.67743611,10.34016185,0.224991658,10.46243951,10.19335761,0.225335832,1.026397768,162.0287839,0.000485949,0.000601282,0.073884374,0.070268959,12.41837647,0.041571858,0.010129238,1,70,1,SLEPS,HuSL,,,CpxFF,,Floor Deposits,,,3,2,2
11-0-008580,-7.693176869,71.85359627,-7.693146021,71.85358014,11.7862312,0.186699098,11.9893438,11.56937157,0.262355804,1.03630035,142.9811165,0.000368725,0.000369496,0.054534211,0.053133283,5.848435553,0.022941846,0.006698475,1,73,1,Rd/SLERS,SmSL,,,CpxUnc,Terraced,Floor Deposits,,,3,2,3
15-1-007157,-9.129858312,94.56448694,-9.129865996,94.56455609,18.72647894,0.33590683,19.02910162,18.38447771,0.258077147,1.035063488,11.83400404,0.00061566,0.000640074,0.092047546,0.089037746,6.545536871,0.024756545,0.007085011,0.96802181,112,,,,,,CpxFF,,Slump Deposits,,,1,1,1
12-1-006730,-60.00822808,13.41523866,-60.00725942,13.4145208,24.25190467,0.733009928,25.32870392,23.12343729,0.408107026,1.095369326,35.92166124,0.000792253,0.001797339,0.127757774,0.116082421,2.615488474,0.014533374,0.00779511,1,224,,,,,,CpxUnc,,Floor Deposits,,,1,1,1
10-4-004186,38.81620241,54.05332068,38.81612772,54.05307998,26.04294244,0.527734373,26.62525332,25.44766489,0.294109447,1.046274911,151.0225436,0.00054673,0.000759899,0.086595989,0.078483693,3.275882531,0.013921578,0.00468959,0.98456389,308,,,,,,,,,,,,,
03-1-018952,-30.13295828,208.8546412,-30.13287855,208.8547893,10.62453242,0.175722878,10.99996202,10.23890291,0.365496869,1.074330143,42.1092489,0.000284238,0.000344183,0.043037586,0.041514994,2.587859485,0.013356668,0.00605334,1,68,2,Rd/DLERS,HuBL,,,CpxCPk,Terraced,,,,3,2,2
14-1-002097,32.50326702,161.9576565,32.50343151,161.9553833,22.46030567,0.388660334,23.6009762,21.59128394,0.403800492,1.093078868,4.053156074,0.000483882,0.000792307,0.088484879,0.0634419,2.085354423,0.009873005,0.005206797,0.80769926,113,,,,,,CpxFF,,Floor Deposits,3,,2,1,1
03-1-014821,-25.93566905,205.2482427,-25.94518236,205.2523156,19.59696835,1.070900222,20.56986903,17.11781079,0.554507253,1.201664704,16.92172263,0.002316819,0.002376671,0.282671733,0.382132836,3.575019519,0.032738957,0.031500829,0.78119451,95,,,,,,CpxUnc,,Floor Deposits,,,1,1,1
07-1-002792,-3.437408708,321.9094642,-3.43675341,321.9118118,13.96757399,0.351859928,14.59750195,13.00113178,0.454707431,1.122787016,107.638115,0.000658773,0.000747483,0.095295338,0.115266474,2.746083827,0.019207127,0.012361939,0.84401947,69,1,SLERS,Sm,,,CpxUnc,,Floor Deposits,,,2,2,1
02-1-007219,3.443870699,182.8089865,3.445522435,182.7942922,32.6761291,1.54126059,37.82314148,29.14363396,0.637411124,1.2978183,6.733196791,0.001814287,0.003574998,0.424117041,0.233522583,2.031594659,0.012836927,0.017886377,0.73370564,112,,,,,,CpxFF,,Floor Deposits,,,1,1,1
02-1-004053,21.55234071,260.8456704,21.55237397,260.8455856,11.8774135,0.164705857,11.99556505,11.74645908,0.202735698,1.021206899,34.56764027,0.000378678,0.000428227,0.056289864,0.054771311,10.83466469,0.031288844,0.006755554,0.9668346,63,2,Rd/DLERS,HuSL,,,CpxCPt,Terraced,,,,4,2,4
10-0-000991,13.83375269,13.06596821,13.83415472,13.06565272,22.89879891,0.567389182,23.41726515,22.2836137,0.307373114,1.050873771,134.5601644,0.000882056,0.000927794,0.129806463,0.127894158,5.324106222,0.023506715,0.008385124,1,134,,Rd,,,,CpxCPt,Terraced,Slump Deposits,,,3,2,4
11-0-000572,-37.24027772,32.14053214,-37.24011374,32.14044621,16.25892315,0.316194834,16.55996018,15.89926856,0.279646385,1.041554844,64.15823128,0.000561101,0.000730978,0.082326898,0.082813168,5.906060442,0.023734473,0.00749955,1,111,,Rd,,,,CpxFF,,Slump Deposits / Floor Deposits,,,2,2,1
10-1-010918,1.137403732,75.77738329,1.138339028,75.77384696,46.24979657,0.902008675,47.64953678,45.15442848,0.319351738,1.055257222,171.3985227,0.000894116,0.00114752,0.176230776,0.130959957,2.50107867,0.01321645,0.004959742,0.85483915,226,,,,,,CpxFF,,Ejecta Deposits / Floor Deposits,,,1,1,1
10-0-001755,1.535568231,23.10175666,1.535629784,23.10205253,33.03898929,0.746672483,34.09826539,31.8417657,0.357733759,1.070866035,100.3835714,0.000991887,0.000962221,0.1428454,0.139243341,2.947069618,0.014761838,0.006484937,1,203,,Rd,,,,CpxFF,,Floor Deposits,,,1,1,1
02-1-006070,9.389391497,184.0124979,9.389249685,184.0126286,35.13324466,0.405407718,35.28405005,34.98681032,0.129527695,1.008495765,108.4375618,0.00062982,0.000575579,0.096083562,0.080941265,13.21685579,0.027123491,0.003603549,0.8659246,152,3,MLERS,HuBL,Inner is Small-Crown,,CpxFF,Terraced,Landslide Deposits,,,3,2,3
16-1-009760,-69.34169191,174.0686603,-69.34195353,174.0686266,10.1040951,0.225618643,10.55215663,9.614586181,0.412077219,1.097515424,46.97988226,0.000444144,0.001246776,0.063757837,0.062417607,3.273659082,0.017867297,0.009733508,1,65,,Rd,,,There may be a cohesive lobe within the Rd ejecta.,CpxFF,,Slump Deposits,,,3,2,3
16-1-006657,-56.72546286,123.0166773,-56.72560596,123.0177024,18.47016437,0.550262324,19.5225319,17.28658832,0.464699279,1.129345568,50.55751638,0.000449445,0.000984362,0.070973586,0.071813464,1.536955506,0.009314175,0.006234433,0.91743904,148,,,,,,CpxFF,Terraced,Ejecta Deposits / Floor Deposits / Slump Deposits,,,1,1,1
06-3-000200,15.13011264,312.7900382,15.13039415,312.7903801,75.81614873,1.560749889,75.96851146,75.42688882,0.119198594,1.007180763,116.9760547,0.001386117,0.001490402,0.203587258,0.209209999,17.45902884,0.031896577,0.003884521,0.97429192,417,,,,,,CpxUnc,,Tectonics / Ejecta Deposits / Floor Deposits,,,2,1,1
08-1-004076,-51.36686944,271.6455665,-51.36676974,271.6458919,20.27079441,0.385898557,20.9154246,19.4479802,0.367966295,1.075454849,91.79600055,0.000478801,0.000807821,0.068024707,0.074568895,2.279076338,0.011813878,0.005407258,1,155,1,SLEPS,Hu,,,CpxFF,,Floor Deposits,,,3,2,2
10-0-009366,26.82612836,14.19321097,26.82618302,14.19305716,24.74694995,0.465543921,25.25863602,24.21398433,0.28461535,1.043142495,2.435082017,0.000524592,0.0006139,0.07900696,0.075855311,3.506797122,0.014294114,0.004617921,1,155,1,Rd/SLERS,HuBL,,There are hints of a second lobe beyond the one I identified.,CpxSuPt,Terraced,Slump Deposits / Floor Deposits,,,3,2,3
10-0-008897,26.12876772,34.80264315,26.14116154,34.7853947,13.56103088,0.305760682,16.54068058,13.36722773,0.588986947,1.23740546,144.2086919,0.00167467,0.002027727,0.315489786,0.057746619,1.380010158,0.021685292,0.024199535,0.6913988,58,,,,,,CpxFF,,,,,1,1,1
04-1-010200,-65.67109811,239.8986961,-65.67106094,239.8989773,10.63372748,0.221779256,11.11767122,10.15057719,0.407930694,1.095274781,10.95921334,0.000354981,0.000918454,0.055832235,0.052103821,2.516657761,0.01467437,0.007865297,1,65,,Rd,,,,CpxFF,,,,,2,2,2
12-1-009272,-78.83457867,38.52216273,-78.82196115,38.50310776,51.45664058,1.536193938,53.83009352,47.32828244,0.476423267,1.137376865,33.72333273,0.001762112,0.006994947,0.199136407,0.267275785,1.510926151,0.010953948,0.007678507,0.81517887,245,,,,,,CpxUnc,Terraced,Floor Deposits,,,1,1,1
16-1-006963,-57.27328674,172.1191755,-57.27278481,172.1180856,10.11377951,0.527918253,11.35813793,8.65933946,0.647116931,1.311663319,108.6387885,0.000553172,0.000976007,0.080496199,0.075626672,1.35171797,0.010102306,0.014752662,1,86,,,,,,CpxUnc,,Floor Deposits / Slump Deposits,,,1,1,1
08-1-006002,-56.46187132,294.7071524,-56.46452981,294.7111597,12.01689391,0.173833632,12.61386403,11.82938031,0.347154858,1.066316552,126.0885829,0.000806461,0.002801804,0.188745973,0.079348313,6.742286918,0.041542901,0.017485519,0.62940305,56,,,,,,CpxUnc,,Floor Deposits,,,1,1,1
14-1-011681,4.690233062,108.4792933,4.690237686,108.4793062,14.74760977,0.323444411,15.40179809,14.09235829,0.403496091,1.092918429,38.53153338,0.000403515,0.000414973,0.061756841,0.057903851,2.082268063,0.011911972,0.006274603,1,86,1,SLERC,HuSL,,,CpxFF,Gullies,Floor Deposits,,,3,2,3
15-1-008741,-10.84613136,150.8764986,-10.84689634,150.8763825,72.46498848,1.43151616,72.91162436,71.77249513,0.176075997,1.015871389,111.2801803,0.001327266,0.00137202,0.191752215,0.194312923,8.007221382,0.020771717,0.003834323,1,449,,Rd,,,,CpxFF,,Slump Deposits / Floor Deposits / Tectonics,,,2,2,1
11-0-004216,-17.99811629,80.75387092,-17.99811184,80.7539205,10.13897979,0.15294405,10.41035511,9.863560807,0.319827105,1.055435792,158.65162,0.000283371,0.000306422,0.042434505,0.040717447,3.579436639,0.016283722,0.006123002,1,64,1,SLERS,HuSL,,,CpxFF,,Floor Deposits,,,3,2,3
16-1-010220,-67.60798766,155.8580177,-67.60806163,155.8580534,18.62686251,0.304466509,18.62355037,18.58464505,0.064604287,1.002093412,171.6824728,0.000599492,0.001575552,0.087008304,0.08736443,104.0800106,0.102159955,0.006641507,1,117,,,,,,CpxFF,,Floor Deposits,,,1,1,1
14-1-007505,15.33736198,129.2828532,15.33622344,129.2831274,10.66336357,0.14569898,10.86297922,10.31804003,0.312750852,1.052814216,13.06636032,0.000389308,0.000317134,0.044392363,0.06130646,3.801371306,0.020802463,0.007592215,0.8224538,51,,,,,,CpxFF,,Floor Deposits,,,1,1,1
11-0-002169,-28.71620335,7.056334288,-28.71349111,7.051100595,15.93456577,0.33489431,16.46080527,14.6976297,0.450281932,1.11996326,61.69376124,0.000441446,0.000595266,0.055395007,0.090396696,1.500087815,0.012413148,0.007851955,0.77401775,77,,,,,,CpxFF,,Floor Deposits,,,1,1,1
15-1-019938,-19.53736103,117.2243647,-19.53773846,117.2246534,15.88493983,0.201319117,16.36649864,15.43353916,0.332804684,1.060450132,104.2788917,0.000370597,0.000386855,0.054373679,0.048119552,2.787170473,0.012173825,0.004831558,0.88876259,87,,,,,,CpxFF,,Floor Deposits,3,,1,1,1
10-0-009418,27.39408044,6.060996435,27.39391924,6.061110513,43.54617194,0.956101582,43.95157737,43.00835879,0.20605887,1.021931053,17.71462918,0.000993334,0.001131577,0.144824163,0.14387744,7.203812576,0.021820192,0.004798601,0.96400267,270,,,,,,CpxUnc,,Fractured / Slump Deposits / Floor Deposits,,,1,1,1
11-1-013332,-28.79557218,64.90665583,-28.79496448,64.90678958,12.28242886,0.202180335,12.70262201,11.91468255,0.346715535,1.066131805,99.81306372,0.000398041,0.000383132,0.058324648,0.049335075,3.067319929,0.015688941,0.006591733,0.89166945,71,,,,,,CpxFF,,Slump Deposits,,,1,1,1
06-1-013575,7.831035412,306.9898897,7.831719803,306.989983,24.38012719,0.768971981,26.23110991,22.46435341,0.516310976,1.16767705,50.44089553,0.000935902,0.00091669,0.137266617,0.126672161,1.677283082,0.010927759,0.008982778,0.92956787,121,,,,,,CpxFF,,Slump Deposits,,,1,1,1
11-0-006385,-12.7074188,82.80400827,-12.707228,82.80402057,13.48047351,0.457894408,14.12363114,12.775499,0.426372301,1.105524813,40.56373084,0.000733815,0.000750199,0.111324611,0.104944001,3.571759337,0.021846729,0.012585802,1,85,,,,,,CpxFF,,,,,1,1,1
11-1-018518,-43.18333171,17.68188362,-43.18132716,17.68469951,75.69141928,1.536633099,78.20357302,73.34320323,0.3470415,1.066268851,40.22350692,0.001133545,0.001629804,0.181870881,0.160000132,1.5696947,0.008081509,0.003399962,0.9518832,478,,Rd,,,,CpxFF,,Dunes,,,2,2,1
03-1-021616,-33.54882596,220.2108688,-33.54655955,220.2092996,12.48770778,0.248058036,13.08799873,12.20993622,0.36010737,1.071913767,128.8891091,0.000867055,0.000581518,0.120927935,0.057464784,4.456678557,0.025060736,0.011114896,0.77072811,59,,,,,,CpxUnc,,Floor Deposits,,,2,1,1
10-0-007256,22.03153208,7.339286992,22.03146396,7.339999504,18.44395628,0.478409167,19.43678432,17.48777355,0.436455887,1.111449909,177.9728907,0.000592836,0.000727633,0.098031873,0.085397125,2.20159288,0.01302069,0.007802685,0.96194351,106,,,,,,CpxFF,,Ejecta Deposits,,,1,1,1
14-1-006188,19.87813845,157.8576393,19.87804707,157.857653,11.7601462,0.101003347,11.95664855,11.54858881,0.259020855,1.035334165,86.48588951,0.000139379,0.000149639,0.019766357,0.020267228,2.388150082,0.008683561,0.00249617,1,70,,,,,,CpxFF,,Floor Deposits,,,2,1,1
11-0-010451,-3.120942704,51.97177862,-3.120766135,51.96930645,48.44936897,0.865966376,49.1899633,47.29459363,0.27491559,1.040075821,75.33319916,0.001082531,0.001226118,0.158843436,0.191624253,3.776070795,0.017421859,0.00538876,0.88737923,255,3,Rd/MLERS,HuSL,Inner is Small-Crown,,CpxCPt,Terraced,Ejecta Deposits / Floor Deposits / Landslide Deposits,,,3,2,2
12-1-001727,-46.88700621,51.55949491,-46.8870442,51.55963972,10.43169019,0.141285818,10.58914555,10.26817795,0.244342472,1.031258476,34.55403666,0.000289034,0.000463555,0.044584367,0.042697929,6.499086427,0.022772744,0.006102628,1,79,,,,,,CpxFF,,Floor Deposits / Slump Deposits,,,2,1,1
10-0-002394,5.022729512,16.28112938,5.022449382,16.28033769,44.43764973,0.727616735,44.78804481,43.70189462,0.218891948,1.024853618,112.3033535,0.000846953,0.001012178,0.122969115,0.186480486,5.055877416,0.022070113,0.005200198,0.7411108,198,,Rd,,,,CpxFF,Gullies,Tectonics / Floor Deposits / Slump Deposits,,,2,1,1
11-3-000170,-33.40408245,82.38669058,-33.40046503,82.3838327,15.9320522,0.225953814,16.8792663,15.51133411,0.394355788,1.088189203,107.8561286,0.000684407,0.000690402,0.110704563,0.045838485,2.432996179,0.015404631,0.007828035,0.7294147,60,,,,,,CpxFF,,Floor Deposits / Ejecta Deposits,,,1,1,1
10-0-011435,34.7376714,40.12835365,34.7375,40.12840675,15.43571335,0.332127771,16.06995672,14.76839515,0.394242311,1.088131551,131.8757983,0.000490363,0.000630878,0.073202489,0.070619199,2.703239282,0.014147996,0.007186251,0.96460462,98,1,SLERS,HuSL,,,CpxFF,,Ejecta Deposits,,,2,2,1
10-0-010983,32.11646257,39.070523,32.11692733,39.07040154,26.75946377,0.691371646,27.65452255,25.77114233,0.362725264,1.073080975,116.5684354,0.001045363,0.001192928,0.154564103,0.145074635,3.64958309,0.018992316,0.008512424,0.96319443,166,,Rd,,,,CpxFF,Terraced,Ejecta Deposits / Floor Deposits,,,2,1,2
06-0-003541,2.992343989,357.2787334,2.99846819,357.2815488,42.11881779,0.648662783,42.91583032,39.99368198,0.362690174,1.073065249,153.5308236,0.001203708,0.000821314,0.112905672,0.217340293,2.012376147,0.014457166,0.006478842,0.65246546,173,,,,,,CpxFF,,Floor Deposits,,,2,1,1
02-4-014037,4.812008037,196.5935174,4.814429622,196.5938231,16.77375705,0.117727333,16.9115741,16.38890007,0.246692892,1.031891953,158.9171706,0.001576334,0.002473488,0.190867224,0.264224195,15.37699296,0.074920306,0.020307612,0.62041444,95,,,,,,,,,,,,,
15-1-000321,-1.243262241,107.0332793,-1.243340975,107.0331543,15.441456,0.222847133,15.56868251,15.29197823,0.187697587,1.018094734,9.149855756,0.000527031,0.000553505,0.081702527,0.077024727,12.98028388,0.037388468,0.007405612,0.95058751,88,,Rd,,,,CpxFF,,Floor Deposits,,,2,2,2
15-3-000064,-28.91568785,110.6067494,-28.92719399,110.605054,87.7125428,2.208634684,93.638169,82.70436328,0.468933544,1.132203493,85.65677332,0.001838785,0.001546598,0.2343871,0.171811095,1.033091277,0.005411377,0.003682922,0.78910804,385,,,,,,CpxUnc,,Floor Deposits / Ejecta Deposits / Tectonics,2,,2,1,1
15-1-012111,-13.30603878,149.8011471,-13.30601011,149.8009677,13.4068957,0.318918791,13.53016381,13.22547918,0.21102306,1.023037701,81.1832988,0.000705163,0.000717206,0.100449401,0.099147808,16.05682374,0.047771634,0.010793814,0.95951021,82,3,MLERS,HuSL,,,CpxCPk,Terraced,Slump Deposits,,,3,2,3
15-1-032885,-30.57118589,170.7907072,-30.57111646,170.7907143,20.2780699,0.36811334,20.68580792,19.8057066,0.288586399,1.044436754,106.3427862,0.000572398,0.000670496,0.082030534,0.082862222,4.507691507,0.018311371,0.006020647,1,134,,Rd,,,There may be a cohesive lobe within the Rd ejecta.,CpxCPt,Terraced,Slump Deposits,,,2,2,2
10-0-000110,1.485154167,4.168108725,1.485408452,4.167989674,19.19159967,0.289011297,19.83790844,18.53579499,0.356324258,1.07024859,69.75291631,0.000398846,0.00038177,0.057147683,0.054858599,2.061372646,0.010119233,0.004420252,0.95821685,101,,,,,,CpxFF,,Floor Deposits,,,1,1,1
16-1-009633,-69.3553574,177.8675282,-69.36107019,177.8750832,37.39802904,1.580354529,41.34467538,34.11620312,0.56489093,1.211877982,133.4364122,0.001775853,0.004292922,0.278134439,0.199645147,1.456484997,0.010747366,0.010805461,0.89609265,204,,,,,,CpxUnc,,Floor Deposits,,,1,1,1
15-1-015661,-15.6855597,133.7859181,-15.68337849,133.7860655,63.38698833,1.53598925,65.82211919,61.12666409,0.370920859,1.07681517,76.72480984,0.001413959,0.00127353,0.207291981,0.176969812,1.890984505,0.009946236,0.00460642,0.93644613,380,,Rd,,,,CpxFF,,Slump Deposits / Landslide Deposits / Ejecta Deposits / Floor Deposits,,,2,2,1
04-1-012018,-66.83717535,183.4064361,-66.83801481,183.397937,41.16590382,0.35060786,41.85023256,40.91721498,0.209979461,1.022802568,21.00448059,0.000473853,0.003065321,0.164651105,0.064912712,4.795388361,0.019311723,0.004338836,0.75885814,174,,Rd,,,,CpxFF,,Dunes / Ejecta Deposits / Floor Deposits,,,2,2,1
15-1-042362,-40.26030869,114.8108073,-40.26004874,114.8113099,20.61274503,0.532203683,21.84867116,19.3612445,0.463394609,1.128474523,41.28965418,0.000525247,0.000745999,0.082036295,0.076104362,1.497494818,0.009211639,0.006134274,1,146,,Rd,,,,CpxFF,,Floor Deposits,,,3,2,2
11-1-013660,-29.4130884,65.09526748,-29.41289685,65.09514478,12.93635369,0.504878106,13.95405515,11.84786909,0.528291933,1.177769187,100.634655,0.000664389,0.000708232,0.097867681,0.090335053,2.006768252,0.01413692,0.012201391,1,85,,Rd,,,,CpxFF,,Floor Deposits,,,2,1,1
10-0-010692,31.55844168,38.3244332,31.5556027,38.3255285,18.78630646,0.242082818,19.14447302,18.06205536,0.33148478,1.059927712,22.45216908,0.000473201,0.000402206,0.048304669,0.074491556,2.128543182,0.012982653,0.005124551,0.80213273,94,,,,,,CpxFF,Terraced,Slump Deposits / Tectonics,,,1,1,2
15-1-019406,-18.42938526,92.46530365,-18.4292554,92.4651932,11.32926781,0.360839043,12.31866951,10.35976492,0.541064914,1.189087745,178.1494269,0.000340013,0.000414858,0.054495067,0.047784227,1.339517102,0.008353938,0.007599453,0.90273488,65,,,,,,CpxFF,,Slump Deposits / Floor Deposits,,,1,1,1
10-1-003086,35.08480912,84.42822669,35.08475046,84.42853852,14.12811547,0.37017606,14.63644454,13.52809812,0.381727563,1.081929211,79.13638311,0.000671001,0.00081655,0.096077922,0.096282724,4.144481484,0.021668207,0.010475459,1,91,1,Rd/SLEPC,HuSL,,,CpxFF,,Slump Deposits / Floor Deposits,,,3,2,2
11-0-004051,-19.27997729,40.89400849,-19.27581807,40.8933851,18.68644441,0.897335556,20.05272292,16.73930828,0.550606613,1.197942148,35.94951861,0.001576441,0.001218931,0.171438309,0.20425625,2.907799327,0.018855977,0.017848347,0.81366044,95,,,,,,CpxFF,Terraced,Ejecta Deposits / Floor Deposits,,,1,1,1
15-1-011408,-12.54938183,161.7380362,-12.54945536,161.7378119,12.26965915,0.353510656,12.45386039,12.0211831,0.261300232,1.035992904,36.06209045,0.000766829,0.000789067,0.110852767,0.106608317,12.44814229,0.04480292,0.013017167,1,78,,,,,,CpxFF,,Slump Deposits / Floor Deposits,,,2,1,1
15-1-000406,-1.018894678,112.833634,-1.01965634,112.8334152,33.0180371,0.67422008,33.57471138,32.50150416,0.250814179,1.033020232,74.83269421,0.000917402,0.000818225,0.140950108,0.117482644,5.219345551,0.020698018,0.005722784,0.91666329,185,,,,,,CpxFF,,Floor Deposits,,,1,1,2
08-1-004278,-52.58734661,332.7309503,-52.5882002,332.7323609,29.05773328,0.480939848,30.00870528,28.09818685,0.351109177,1.067994367,117.5533841,0.000461208,0.000969077,0.07588663,0.068730648,1.975296378,0.008785168,0.003757501,0.85911667,192,,Rd,,,,CpxFF,Terraced,Slump Deposits / Floor Deposits,,,2,2,2
15-1-030558,-28.27607806,153.7914165,-28.27613306,153.7926934,27.49129277,0.323436411,27.78771912,27.01711003,0.233869495,1.028523002,97.39869085,0.000477117,0.00067817,0.06962207,0.090414234,4.453777676,0.01689784,0.004299786,0.86334676,153,,,,,,CpxFF,,Tectonics / Ejecta Deposits / Slump Deposits / Floor Deposits,,,2,1,1
07-1-012602,-19.6463439,328.0186215,-19.64638797,328.0186394,13.15205886,0.277150239,13.45646683,12.80481471,0.30742191,1.050891179,64.22065647,0.000689511,0.000720884,0.099513287,0.094699342,7.343449085,0.030805377,0.010990934,1,82,1,SLEPSPd,HuAm,,"Pd-like, but crater floor is below surrounding surface.",CpxFF,,Fractured / Floor Deposits,,,1,2,1
16-1-005470,-55.03970088,144.2200805,-55.03947635,144.2199841,22.76251569,0.434232408,23.09105854,22.26466791,0.265133689,1.037116684,100.4866254,0.000594859,0.001158066,0.085700565,0.099900161,5.065540777,0.0204186,0.006039121,0.97838837,188,,,,,,CpxFF,,Floor Deposits / Slump Deposits,,,1,1,2
07-1-006994,-9.389679783,293.3445249,-9.3894463,293.3446608,12.06738541,0.23608855,12.63068969,11.46545709,0.419520364,1.101629842,84.7570362,0.000328541,0.000320077,0.046656498,0.045817339,1.907548675,0.010688657,0.005994918,1,73,2,Rd/DLERS,HuSL,,,CpxCPt,,Slump Deposits,,,3,3,3
11-1-011299,-25.56572651,78.16019181,-25.56595539,78.16030436,17.46489815,0.254387058,17.7147687,17.19459177,0.240553126,1.030252357,114.3429208,0.000547218,0.00061401,0.083016377,0.078297636,7.065859777,0.025591681,0.006731947,0.93627042,102,,,,,,CpxFF,Channel SE,Floor Deposits,,,1,1,1
03-1-024904,-37.66090818,267.8611854,-37.66170763,267.8693973,14.30232256,0.25563217,14.64059034,13.08216445,0.448954862,1.119125997,76.99718393,0.000363882,0.001110323,0.04886724,0.103540057,2.197607167,0.015276141,0.009612875,0.68888873,58,,,,,,CpxFF,,Floor Deposits / Tectonics,,,1,1,1
10-0-007052,21.27232578,22.13155555,21.27217631,22.13150034,20.06105114,0.388256005,20.65988076,19.41823228,0.341448456,1.063942405,73.04746009,0.000608135,0.000632254,0.089137742,0.08619042,3.223195893,0.016015204,0.006585852,0.97405595,126,,,,,,CpxFF,Gullies,Slump Deposits / Floor Deposits,,,1,1,1
03-1-003997,-11.25726298,184.0713161,-11.25986645,184.0704547,14.53706457,0.465475452,15.39203129,13.35363615,0.497318309,1.152647198,146.0078525,0.000720897,0.000638939,0.092031644,0.103947588,2.227927602,0.014855468,0.011313838,0.84324336,74,,,,,,CpxFF,,Floor Deposits / Slump Deposits,,,1,1,1
15-1-034417,-31.79959083,125.3247921,-31.81324107,125.3410904,30.27608125,2.264285135,38.75083792,24.51041106,0.774549694,1.580995024,145.5498774,0.0016789,0.002176077,0.34583703,0.161759603,0.650688326,0.00573327,0.01754863,0.88178533,176,,,,,,CpxUnc,,Floor Deposits,,,1,1,1
07-0-000521,-7.949232239,359.8274628,-7.94932498,359.8272724,11.44774363,0.402477427,12.01726163,10.81966068,0.43518041,1.110687478,96.5898706,0.000837261,0.000781398,0.120324359,0.111152183,4.583097526,0.026721433,0.015933262,1,71,,,,,,CpxUnc,,Ejecta Deposits / Floor Deposits / Slump Deposits,,,2,2,1
16-1-010162,-78.44025204,117.2517498,-78.43563815,117.4147776,20.57173042,0.226200427,19.83813883,16.28950772,0.570754492,1.217847658,99.56692344,0.000687154,0.014096815,0.090875068,0.366026988,1.410107066,0.027090191,0.02792803,0.64792436,59,,,,,,CpxUnc,,Floor Deposits,,,1,1,1
03-1-024216,-36.18721707,207.1040307,-36.18811359,207.103343,10.36695086,0.102517388,10.51369288,10.09749551,0.278577409,1.041217881,157.4900666,0.000277373,0.000312226,0.030910392,0.046800935,3.70549078,0.018173633,0.005714951,0.79436195,54,,,,,,CpxFF,,Slump Deposits,,,1,1,1
06-0-000939,23.66209359,359.9223251,23.66207125,359.9223795,21.38178189,0.197671215,21.67117171,21.10325071,0.227433088,1.026911541,142.1178482,0.00029367,0.000394817,0.047161756,0.043704699,4.167852547,0.012525791,0.003085019,0.88111085,121,3,MLERS,HuBL,,,CpxCPk,Terraced,,,,3,2,3
11-0-005891,-13.93435265,15.41986238,-13.93364965,15.42056655,53.56860215,0.964222899,54.34587429,52.59773703,0.251593031,1.033235978,160.0699935,0.001025974,0.001078071,0.149649107,0.154559627,3.956361993,0.014993181,0.004160935,0.94401705,312,,Rd,,,,CpxFF,Terraced / Gullies,Ejecta Deposits,,,2,2,2
04-1-006347,-56.27018501,240.1040714,-56.27189794,240.1113654,69.7042213,1.384159665,70.4287831,69.20943766,0.185274371,1.017618196,159.2140291,0.001054744,0.003507829,0.295571679,0.154152214,7.625776989,0.024763727,0.004834883,0.79683697,477,,,,,,CpxFF,Terraced / Gullies,Slump Deposits / Floor Deposits,,,2,1,1
10-1-005619,26.08345779,78.69153104,26.07843913,78.69006544,34.21811045,0.732556415,36.50161181,32.53326372,0.453447604,1.121978174,65.29498447,0.000924021,0.000511031,0.107236234,0.070510626,1.214167476,0.006395754,0.004096115,0.79045433,154,,,,,,CpxFF,Channel S,Channel,,,1,1,1
07-0-000625,-9.302464945,349.659612,-9.307861123,349.6603864,31.13396926,0.572638504,32.37360036,29.22110139,0.430435571,1.107884331,15.96513033,0.000663918,0.00056441,0.082015038,0.102696352,1.198452468,0.008200292,0.004799773,0.84475005,156,,,,,,CpxUnc,,Ejecta Deposits / Floor Deposits,,,1,1,1
09-1-002546,47.8514025,6.138506831,47.84661293,6.134305484,13.36529709,0.218887455,13.64907098,12.34759502,0.426161105,1.105403195,141.6459812,0.000764489,0.000472596,0.041955714,0.094779819,2.31055831,0.015878721,0.009140111,0.71207792,106,,,,,,CpxUnc,,Floor Deposits,,,1,1,1
15-1-004000,-5.133232182,142.8894304,-5.133526347,142.8892798,13.89951358,0.294683798,14.22303161,13.51170534,0.312287264,1.052645188,34.20651499,0.00055939,0.000544563,0.078834341,0.081636112,5.242948309,0.023694672,0.008630799,0.93221408,81,,,,,,CpxFF,,Floor Deposits,,,1,1,1
11-0-009115,-6.492983166,22.99083201,-6.489391834,22.99148609,10.60609812,0.219112154,11.03484405,9.73247207,0.471293564,1.133817181,2.82964929,0.000244929,0.000165765,0.02035819,0.034063139,1.001332617,0.006530181,0.004485861,0.74645692,46,,,,,,CpxUnc,,Floor Deposits,,,1,1,1
15-1-041518,-39.23692974,175.0592649,-39.2369724,175.0591896,23.49796146,0.386109034,24.02846662,22.87163843,0.306545738,1.050579157,85.81533833,0.000525504,0.000700751,0.073447875,0.076384957,3.293414316,0.013381176,0.004756373,0.92145729,149,,,,,,CpxUnc,,Floor Deposits,,,1,1,1
11-0-006082,-13.07729291,17.93471698,-13.07756825,17.93472158,33.18110847,0.589438684,33.56224188,32.72830187,0.221534941,1.025480699,115.6278229,0.000770191,0.000786592,0.112303368,0.110405971,6.248759742,0.020395314,0.004872537,1,205,4,MLERS,HuBL,Inner is Small-Crown,,CpxSuPt,Terraced,Slump Deposits,,,3,2,3
07-1-006335,-8.58414851,333.6900344,-8.593457858,333.7031594,18.09225315,0.240922023,18.22947063,15.72318975,0.506031693,1.159400282,57.56379648,0.000595335,0.000646328,0.03587169,0.113664694,0.9233215,0.01101442,0.008686395,0.6625669,63,,,,,,CpxUnc,,Floor Deposits,2,,1,1,1
10-0-005888,17.6577515,39.741956,17.65767284,39.7421803,25.48627666,0.486201593,26.39700356,24.52458531,0.36991145,1.07634862,116.4827214,0.000670388,0.000686857,0.097091143,0.093392624,2.431567747,0.012354075,0.005698583,0.98991889,155,3,MLERS,HuBL,,,CpxSuPt,Terraced,Floor Deposits,,,3,2,3
10-0-008418,24.84897169,41.26554991,24.85418977,41.26916377,40.97601999,0.576581215,42.39056221,40.27189793,0.312187895,1.052609,70.6757526,0.001273193,0.001247983,0.208654581,0.099328849,3.112251922,0.015916691,0.005795222,0.76055813,188,,Rd,,,,CpxFF,Channel S,Slump Deposits,,,1,1,1
06-1-007008,26.00164418,295.8107158,26.00202792,295.81036,11.52572272,0.300360893,12.12934955,10.7621919,0.461221247,1.127033384,57.34519681,0.000867588,0.000716864,0.091997139,0.105199606,4.226188571,0.021118897,0.013944113,0.7943477,50,,,,,,CpxFF,,Floor Deposits,,,1,1,1
16-1-008753,-62.70634395,100.7016866,-62.70086663,100.7106622,106.507974,3.08026308,110.3521449,100.3074374,0.416848725,1.10013921,122.3404975,0.001521986,0.003543135,0.198560433,0.247178658,1.074478042,0.006047831,0.003356766,0.87215883,859,,,,,,CpxFF,Terraced,Ejecta Deposits / Floor Deposits / Slump Deposits,,,2,2,2
08-1-000829,-45.15665582,343.4526857,-45.15770488,343.4539788,39.03853928,1.305702019,41.25736896,36.64497983,0.459448372,1.125866876,49.04244285,0.001140574,0.001729934,0.175090942,0.163160392,1.757472191,0.010561735,0.006925213,1,270,,,,,,CpxFF,,Floor Deposits / Ejecta Deposits,,,1,1,1
15-1-002725,-4.229622538,116.6859237,-4.232905138,116.6853206,16.08060302,0.543896871,16.83206945,14.88257666,0.467146648,1.130991617,154.9975341,0.000926125,0.000696053,0.101325022,0.131479047,2.792102084,0.017890476,0.012090751,0.8136847,77,,,,,,CpxFF,,Slump Deposits,,,1,1,1
07-1-006414,-8.413347773,344.5223424,-8.413086741,344.5222107,18.41859575,0.492422541,19.01247468,17.78538097,0.353436561,1.068994514,135.5814523,0.00074855,0.000746993,0.111592595,0.104782139,4.078330267,0.020590387,0.008890013,1,109,,,,,,CpxFF,,Ejecta Deposits / Floor Deposits / Slump Deposits,,,1,1,1
06-0-001481,20.15312878,348.6677112,20.15231536,348.6673831,63.86238167,1.217777232,64.86824748,62.73682269,0.25423586,1.033974063,72.9859866,0.001857612,0.001417341,0.207713858,0.193789367,5.420665601,0.016368911,0.004600293,0.78348875,303,,,,,,CpxFF,Gullies / Terraced,Tectonics / Floor Deposits,,,1,1,1
11-1-011973,-26.18011549,25.71768832,-26.18009986,25.71930415,12.04209325,0.213570298,12.34726045,11.5411782,0.355396342,1.069844018,73.77595682,0.000310204,0.000539892,0.044625982,0.065147538,3.36146672,0.016477714,0.007170861,0.79079604,60,,,,,,CpxUnc,,Floor Deposits,,,1,1,1
08-1-005334,-54.99626593,358.152674,-54.99257054,358.1569479,24.12321516,1.503938194,27.31254899,20.78659068,0.648677103,1.313950393,104.2095883,0.001934167,0.002402429,0.269645496,0.197438658,1.719236308,0.01223293,0.018000973,0.89059782,163,,,,,,CpxFF,,Floor Deposits,,,2,1,1
06-0-000017,34.92934921,352.415687,34.9295484,352.4158597,25.82218772,0.646939915,26.35643287,25.14639506,0.299521759,1.048119733,72.42700639,0.000913953,0.001126497,0.132024063,0.132553105,5.189348181,0.022099751,0.00762164,1,173,,Rd,,,,CpxFF,,Slump Deposits / Floor Deposits,,,1,1,1
15-1-040588,-38.25017006,102.7468532,-38.2496299,102.747271,14.02592069,0.18336645,14.4060607,13.57064781,0.33558586,1.06156028,137.5818844,0.000227607,0.000294559,0.032888443,0.035527247,1.7880666,0.009185031,0.003687383,0.90258855,88,,Rd,,,,CpxFF,,Floor Deposits,,,2,2,1
02-1-005576,13.00652339,190.3021703,13.00972163,190.3340356,19.1945824,0.305940602,23.21940788,19.74808148,0.525976782,1.175780437,7.361337205,0.001592389,0.01012398,1.239421416,0.248393041,2.719711192,0.075419424,0.064480511,0.53224826,45,,,,,,CpxFF,,,,,1,1,1
07-1-026234,-41.35150507,338.5791439,-41.35209889,338.5782127,37.87854406,1.276991005,39.05498002,36.47789851,0.357236376,1.070647751,27.37067249,0.001360452,0.002083254,0.210463032,0.200061697,4.040133956,0.018776577,0.008232124,0.93384212,257,,,,,,CpxFF,,Floor Deposits / Slump Deposits,,,1,1,1
11-1-007401,-19.89831641,73.33084436,-19.89849707,73.33076031,21.15745214,0.488461712,21.67885432,20.54860116,0.318675733,1.055003898,99.06613344,0.000706609,0.000745228,0.101534008,0.101722083,4.238947104,0.019212991,0.007189624,1,134,1,Rd/SLERS,HuBL,,,CpxCPt,Terraced,Slump Deposits,,,3,2,3
04-1-005667,-53.64569669,180.8555215,-53.64547727,180.8568286,12.66091867,0.246664266,13.26469375,12.17817157,0.396373928,1.089218827,36.23108238,0.000273396,0.000653434,0.052942843,0.040773137,2.187261678,0.011078128,0.00567436,0.85344607,91,3,MLERS,HuBL,,,CpxFF,,Slump Deposits,,,3,2,3
03-1-016470,-28.04011182,209.1449452,-28.04093584,209.1456694,34.9684237,0.982618063,36.55089509,33.38244739,0.407255912,1.094913583,111.5210443,0.001076169,0.00115216,0.165950144,0.143451706,2.147011323,0.012804126,0.006844738,0.92741185,212,,,,,,CpxUnc,,Ejecta Deposits / Floor Deposits,,,1,1,1
16-1-003303,-50.13481118,172.7718625,-50.13518943,172.7761208,18.45698534,0.384602636,19.14873092,18.09708662,0.32683849,1.058111249,4.964880082,0.000695872,0.002229821,0.213982463,0.097528995,5.612448544,0.033903928,0.013127354,0.79680115,116,,,,,,CpxFF,,Floor Deposits / Slump Deposits,,,1,1,1
04-1-003606,-50.07342605,226.1806209,-50.01317902,226.2558961,79.73028724,2.254586974,92.36644546,73.9429656,0.599280317,1.249157979,46.63641189,0.004893194,0.021178501,1.466717334,0.770453518,2.142405958,0.020310502,0.023724811,0.48255616,252,,,,,,CpxUnc,,Slump Deposits / Floor Deposits / Ejecta Deposits,,,2,1,1
13-1-001952,47.86135647,172.7812429,47.86148769,172.7808534,38.3724449,0.903943953,40.16382805,36.56059394,0.413978659,1.098555131,33.709292,0.000611721,0.000911167,0.090583933,0.084513047,1.169879335,0.006464314,0.003547856,0.97772837,439,,,,,,CpxFF,,Floor Deposits,,,2,1,1
03-1-007246,-16.02180465,183.9786681,-16.02270027,183.9816994,16.03109914,0.451621804,16.88214274,15.50380758,0.395756605,1.08890301,175.5568623,0.00076107,0.001175187,0.170837288,0.103365652,4.211617717,0.025824658,0.013195637,0.83045131,80,,,,,,CpxUnc,,Slump Deposits / Tectonics,,,1,1,1
16-1-006427,-55.65377627,93.02127403,-55.65491604,93.02486792,14.83648143,0.908912205,16.6638202,12.31114183,0.673930568,1.353556025,69.21335446,0.00086079,0.001557423,0.123913274,0.127344328,1.338215074,0.010317585,0.017243361,0.90640837,109,,,,,,CpxFF,,Floor Deposits,,,2,1,1
16-1-002782,-48.92277009,91.98177534,-48.9283467,91.97738469,20.1704447,0.791947053,22.68022474,18.03948833,0.606105816,1.257254326,66.5499332,0.001098413,0.001390857,0.175252584,0.121840004,1.292237542,0.010712047,0.012902989,0.88780373,132,,,,,,CpxFF,,Floor Deposits / Slump Deposits,,,1,1,1
12-1-005818,-56.70667217,17.79410843,-56.70629623,17.79503207,12.13393054,0.32807169,12.53040588,11.53615928,0.390381271,1.086185235,122.756124,0.00052019,0.001028888,0.071018688,0.084738277,3.711730906,0.020144232,0.010077467,0.88897353,92,,,,,,CpxFF,,Floor Deposits,,,2,1,1
11-0-000578,-37.51651995,33.1720257,-37.51667461,33.17219626,74.63283501,1.650500452,77.3381824,71.89916824,0.368387511,1.075647804,156.5388882,0.001034843,0.001390841,0.159128276,0.148732461,1.345334236,0.006845271,0.003138382,1,504,,Rd,,,,CpxCPk,Terraced / Gullies,Dunes / Floor Deposits / Slump Deposits,,,2,2,2
04-1-007096,-57.92452365,263.2059545,-57.92439235,263.2060187,10.3670131,0.195015437,10.40693023,10.29533141,0.146054878,1.010839751,172.407629,0.000459325,0.000964857,0.074492878,0.065361019,29.86745201,0.064110509,0.009671464,1,94,1,SLEPS,HuBL,,,CpxFF,,,,,3,2,4
10-3-000114,16.85103249,23.58507776,16.84902758,23.5903763,43.63124166,0.831201719,45.57391943,42.48694066,0.361777791,1.072657121,163.7224718,0.000986586,0.00128949,0.192651726,0.114886744,2.210767235,0.01205525,0.005382709,0.73653454,155,,,,,,CpxUnc,,Floor Deposits,,,1,1,1
06-1-018533,0.884284777,342.0743011,0.906003279,342.0683253,33.65263476,1.012824431,36.05657302,28.54833213,0.610825837,1.263001035,19.85338796,0.000888735,0.000725513,0.10421646,0.140794884,0.643206574,0.005866724,0.007219783,0.62833834,106,,,,,,CpxUnc,Channel SE,Floor Deposits,,,1,1,1
07-1-024863,-38.60762465,305.8128264,-38.60817281,305.8125693,10.02360057,0.284325776,10.27970555,9.698158958,0.331578311,1.059964638,6.476920936,0.000661126,0.000831908,0.096448347,0.097779782,7.377896181,0.036969586,0.014598386,0.89435256,62,,,,,,CpxFF,Gullies,Floor Deposits / Slump Deposits,,,1,1,1
16-1-005299,-55.42110987,112.5586487,-55.42775211,112.5609922,33.15964007,0.630231015,33.82920884,31.73066581,0.346725797,1.066136117,7.787457431,0.001001778,0.001239215,0.098765946,0.153304546,2.203908697,0.014323713,0.006018382,0.7985636,204,,,,,,CpxFF,,Floor Deposits / Slump Deposits,,,2,1,2
15-1-034934,-31.38001218,155.3977344,-31.37979782,155.3976799,27.76596487,0.561482887,28.75332649,26.69146518,0.371853614,1.077247963,78.08158125,0.000546846,0.000627505,0.078465755,0.078031603,1.789036382,0.009267683,0.004308144,1,182,,,,,,CpxFF,,Floor Deposits,,,1,1,1
16-1-007801,-60.22959072,120.7406617,-60.23474246,120.7003199,27.93887906,0.895478083,28.15908064,24.56034385,0.489149823,1.14652632,101.2355816,0.001413393,0.006072386,0.139089498,0.443302346,2.677250392,0.029102984,0.021455148,0.70343953,160,,,,,,CpxFF,,Floor Deposits,,,1,1,1
14-1-011657,4.569079289,110.3037765,4.569145311,110.3044393,44.60594107,1.216631688,46.08197117,42.92400748,0.363816263,1.073571036,164.9733734,0.001214901,0.001241732,0.174401971,0.171301086,2.746424255,0.013116466,0.005904611,0.96449596,245,,,,,,CpxFF,Gullies,Tectonics / Slump Deposits / Floor Deposits,,,3,1,2
10-0-010757,31.64001668,14.8464345,31.63989873,14.84651466,15.5082853,0.403880626,15.89801191,15.01161138,0.329244889,1.059047661,84.28887876,0.000810543,0.000941605,0.116872853,0.117435898,6.111741394,0.029070774,0.011368997,1,102,,Rd,,,,CpxCPk,Terraced,,,,2,2,3
04-1-006677,-56.24681367,190.5180202,-56.29594339,190.5122665,34.41523906,1.407662116,43.1374591,31.13606063,0.692115172,1.385450125,78.48174838,0.002912526,0.001485679,0.400604369,0.113481088,0.753185425,0.007509465,0.013821655,0.57470739,135,,Rd,,,,CpxFF,,Ejecta Deposits / Floor Deposits,,,2,1,1
15-1-018122,-17.66699915,169.5830268,-17.66684791,169.583502,16.01612061,0.460287864,16.19634913,15.73752384,0.236337338,1.029154859,29.87102535,0.000854734,0.00089359,0.120156605,0.121550908,13.04539865,0.042783216,0.011021684,1,102,3,Rd/DLERS,HuBL,,,CpxCPk,Terraced,Slump Deposits,,,3,2,3
11-0-008102,-8.220010337,33.64549729,-8.219556363,33.6453513,18.3426854,0.274240002,19.01999462,17.71744799,0.36369783,1.073517734,95.3088309,0.000311548,0.000298195,0.042804883,0.037543864,1.720629211,0.007374956,0.003318393,0.84048826,92,,,,,,CpxFF,,Floor Deposits,,,1,1,1
10-0-005701,17.59700178,8.150437328,17.59702178,8.150449867,13.62364288,0.1692573,13.90837461,13.32862399,0.285708957,1.04349666,128.0577203,0.000307469,0.000325224,0.045432036,0.044347302,3.604715485,0.014987516,0.004865491,0.97395647,82,1,SLEPd,HuSL,,,CpxFF,Terraced,,,,3,2,3
03-2-000788,-38.38922657,243.024521,-38.40698991,243.0079682,29.82209479,2.20517929,34.57814596,22.60403738,0.756746219,1.529733179,128.2603762,0.001100096,0.001280522,0.155970998,0.156061262,0.555656969,0.004657097,0.012615735,0.81183445,157,,,,,,CpxFF,Gullies,Tectonics / Floor Deposits,,,2,1,1
07-0-003147,-32.5320368,342.934049,-32.53185669,342.937076,36.54012943,1.104072081,37.79490567,34.66445939,0.398489722,1.090307085,85.97206246,0.001295864,0.001689825,0.185290086,0.211727506,2.871719288,0.016533376,0.008539357,0.89396435,225,,,,,,CpxFF,Gullies,Floor Deposits / Slump Deposits,,,1,1,2
01-1-001512,55.12940366,186.8312356,55.12934068,186.8311957,12.32173824,0.186432284,12.50862119,12.11794475,0.247971117,1.032239497,36.97492521,0.000235876,0.000412943,0.034157905,0.033923772,4.134439331,0.014801253,0.004036835,1,158,1,SLEPS,SmSL,,,CpxFF,Terraced,Floor Deposits,,,3,2,3
10-1-000312,41.83222783,70.001917,41.8322337,70.00186632,13.44341812,0.25446291,13.67124348,13.13938028,0.276213824,1.04047856,93.81879665,0.000510274,0.000719235,0.072861651,0.078650389,6.684071196,0.026802345,0.00833907,1,92,2,DLEPS,HuBL/SmBL,,,CpxFF,,Floor Deposits,,,3,3,1
16-1-003669,-50.49881077,141.4034186,-50.50375417,141.3839622,25.932143,0.436251848,26.11197163,23.8111084,0.410446374,1.096629825,112.77915,0.001039475,0.003010797,0.090784158,0.300823197,2.471972748,0.026546493,0.014369569,0.69476205,127,,,,,,CpxFF,,Ejecta Deposits / Floor Deposits / Slump Deposits,,,1,1,1
10-1-006751,20.92746743,82.67676564,20.9285077,82.67588998,10.40899672,0.531408883,11.75869696,8.961832901,0.647406283,1.312086165,36.33289396,0.000627935,0.000709354,0.099901255,0.088152777,1.52003684,0.011661677,0.01705395,0.93329614,60,,Rd,,,,CpxFF,Gullies,,,,1,1,1
15-1-001092,-1.751810882,159.3475988,-1.751848333,159.3477473,13.8308871,0.330046176,14.29371588,13.36116461,0.355285191,1.069795657,7.090536267,0.000519762,0.00055789,0.080131443,0.074592961,3.968937288,0.019457802,0.008463956,1,84,2,DLERS,HuSL,,,CpxCPt,Terraced,,,,3,2,4
08-1-005431,-56.14170648,355.0350628,-56.14245853,355.0360684,57.68995529,1.549485379,60.6017436,55.17794361,0.413507032,1.098296523,20.81653497,0.001029256,0.002190882,0.181448995,0.147821292,1.382455784,0.008054775,0.004412606,1,488,,,,,,CpxFF,,Dunes / Slump Deposits / Floor Deposits,,,1,1,1
11-0-007682,-9.211657456,45.887022,-9.2115625,45.88689944,13.27262562,0.355392501,13.6496976,12.81994724,0.343340277,1.064723384,60.76952035,0.000762394,0.000742597,0.111351172,0.108213289,5.96590249,0.030159641,0.012498598,1,84,1,SLERS,Sm,,,CpxFF,Terraced,,,,2,2,2
11-0-003994,-19.74638276,26.75655903,-19.74655688,26.75651222,52.11698481,1.504373458,55.56129267,48.69569026,0.481525798,1.140989939,46.80825195,0.000964971,0.001029451,0.145689429,0.132637629,0.960127682,0.006031215,0.004313898,0.99313939,330,,,,,,CpxFF,,Floor Deposits / Slump Deposits,,,1,1,1
06-0-000037,34.07579415,355.9858306,34.07372346,355.9700215,16.0839182,0.458715741,16.76884612,13.62776513,0.582705306,1.230491277,108.528582,0.000394748,0.001030812,0.056476115,0.115144348,1.172813133,0.010309377,0.01119224,0.72382581,68,,,,,,CpxFF,,Floor Deposits,,,1,1,1
15-1-011057,-12.56358771,144.8829649,-12.56352521,144.882813,10.96811319,0.216295298,11.17515252,10.74569702,0.274558136,1.039965346,109.9698301,0.000537875,0.000591856,0.078708779,0.073454948,9.608938207,0.033053546,0.010207255,0.86822206,60,,,,,,CpxFF,,Floor Deposits,,,1,1,1
08-1-007221,-58.34971401,356.8052618,-58.34997707,356.8057045,22.29771748,0.449465342,22.94074231,21.42970576,0.356924965,1.070511307,78.55727562,0.00060967,0.001263426,0.087163609,0.096965525,2.881811036,0.014444986,0.006325106,1,188,,Rd,,,,CpxCPk,,Slump Deposits / Floor Deposits,,,2,2,2
06-1-014240,7.370420287,317.5035699,7.370367229,317.5036942,13.90006949,0.246165967,14.11888734,13.67053521,0.250005122,1.03279697,26.00643389,0.000499637,0.000523819,0.076187381,0.071353041,7.715501914,0.028152127,0.007753629,0.97500598,77,,Rd,,,There may be a cohesive lobe within the Rd ejecta.,CpxCPt,Terraced,,,,3,2,4
04-1-012061,-69.46519566,180.4648012,-69.45752303,180.4868727,41.97594173,1.421097306,44.77821255,37.80015127,0.536085145,1.184604057,144.3302987,0.001428014,0.004206067,0.206889831,0.229929522,1.308307278,0.01015385,0.009048657,0.84085256,223,,,,,,CpxFF,,Dunes / Floor Deposits,,,1,1,1
10-1-004884,30.17756475,65.83694862,30.17768243,65.83713429,11.33803589,0.411404013,12.36287079,10.25355338,0.558680623,1.205715749,65.48163121,0.000497243,0.00054601,0.073481586,0.067980841,1.531821187,0.010963289,0.01073592,0.96000099,69,,,,,,CpxFF,,Floor Deposits,,,1,1,1
11-0-002369,-28.52733829,41.82816308,-28.5272699,41.82837962,17.02619598,0.304910081,17.30777254,16.7085104,0.26086191,1.035865683,65.57378375,0.000591342,0.000672489,0.087537434,0.084570401,6.653023588,0.025563137,0.007411996,0.95839363,106,,,,,,CpxFF,,Floor Deposits,,,1,1,1
07-0-000117,-1.47328477,359.9527415,-1.473231939,359.9527222,28.39193388,0.31789468,28.60433243,28.16120003,0.175338503,1.015735565,95.17966468,0.000422572,0.000415414,0.061102528,0.060027309,6.453929863,0.016681666,0.003065199,1,171,,,,,,CpxFF,,,,,2,1,1
07-1-018905,-29.01173547,274.4948136,-29.01183672,274.494781,16.37845965,0.237192662,16.53846658,16.19948939,0.201426118,1.020925178,146.0224782,0.000489374,0.000588644,0.074943464,0.070361771,10.07676414,0.029898078,0.00640827,1,104,2,Rd/DLEPS,HuAm,,,CpxCPt,Terraced,,,,3,2,3
02-1-005577,13.71632975,190.0819605,13.7162544,190.0819878,12.93963899,0.290095267,13.48521201,12.40681852,0.391844636,1.086919422,46.56878567,0.000518374,0.000535736,0.078955134,0.070561424,3.286073623,0.017632454,0.008871942,0.87505382,63,2,DLERS,SmSL,,,CpxSuPt,Terraced,,,,3,2,3
07-1-024342,-37.05341006,292.971491,-37.05382927,292.9695187,25.45385542,0.535350538,26.43698738,24.69100622,0.357385714,1.070713244,177.5837313,0.000755715,0.001217122,0.147225507,0.109427573,3.194880258,0.017371017,0.007620473,0.89607519,154,,Rd,,,,CpxFF,,Slump Deposits / Floor Deposits,,,1,2,2
14-1-000516,40.74987125,160.8540012,40.75000686,160.8543046,10.14888677,0.227775223,10.36815419,9.949758411,0.281210637,1.042050848,33.83813972,0.000435329,0.000720324,0.07754937,0.063646288,8.117164579,0.032230616,0.010255742,0.87085539,62,,,,,,CpxFF,,Floor Deposits,,,2,1,1
05-4-002453,46.5366423,333.2557252,46.53674355,333.255353,15.67274236,0.40654791,16.25885146,15.01402097,0.383750657,1.0829112,26.79642873,0.000417359,0.000625034,0.061365569,0.060606452,2.330895312,0.012280005,0.005984477,1,200,,,,,,,,,,,,,
15-1-001350,-3.029199606,128.5532309,-3.029178787,128.553285,11.60131953,0.236693771,12.05014536,11.14397014,0.38045449,1.081315295,140.0698757,0.00039339,0.000397877,0.058908789,0.055881548,2.949746808,0.015742942,0.007572611,1,68,1,SLERS,HuBL,,,CpxCPk,Terraced,Slump Deposits / Floor Deposits,,,3,2,2
10-0-009005,25.6932292,55.4726511,25.69302802,55.47370492,53.03650741,1.483514395,56.07644508,49.6873471,0.463561978,1.128586016,111.1330412,0.001408528,0.001494197,0.20350766,0.194419531,1.46137686,0.009038571,0.006022982,0.99012554,335,,Rd,,,,CpxCPk,Terraced,Slump Deposits / Floor Deposits,,,2,2,2
04-1-002206,-47.10680242,250.548798,-47.10572211,250.5504335,34.99681733,0.490825412,35.23797427,34.9112406,0.135861818,1.009358982,41.3335038,0.002359986,0.003336901,0.427178286,0.110755066,24.14999785,0.090530282,0.012648186,0.68591148,163,,,,,,CpxFF,,Tectonics / Floor Deposits,,,1,1,1
04-1-004416,-51.94400723,261.0687976,-51.94419884,261.0685196,12.0812724,0.303500002,12.67667751,11.49447779,0.42168552,1.102849363,44.97165383,0.000417706,0.000739739,0.065576819,0.060389384,2.532918954,0.01437567,0.008131401,0.95712626,90,,,,,,CpxFF,,Slump Deposits / Floor Deposits,,,1,1,1
11-0-004374,-18.18294569,24.23492423,-18.18292847,24.23487332,14.96005212,0.230678046,15.00853489,14.88330226,0.128913013,1.008414304,138.123567,0.000481542,0.000509869,0.071006937,0.069890805,25.91841351,0.050849642,0.006722049,1,95,,,,,,CpxFF,,Floor Deposits,,,1,1,1
03-1-027276,-39.70432706,215.0028694,-39.70422837,215.0037763,19.12242351,0.589266007,20.11643823,18.15440563,0.430760667,1.108074736,12.47844326,0.000745948,0.001102142,0.123497213,0.108362568,2.727611151,0.016189309,0.009487931,1,136,,,,,,CpxFF,,Floor Deposits,,,1,1,1
12-3-000010,-45.52866701,52.05978552,-45.52944062,52.06297975,11.93965832,0.182193632,12.21253483,11.35229669,0.368668218,1.075776573,57.78768928,0.00025599,0.000596767,0.036792983,0.063073379,2.355896136,0.014813405,0.006799185,0.76968795,66,,,,,,CpxFF,,Floor Deposits,,,2,1,1
11-1-017397,-39.18863961,76.79299569,-39.18883736,76.7953314,88.1895898,1.491391896,91.08932354,85.09843943,0.356669401,1.070399459,44.9676641,0.000931837,0.001426614,0.144788924,0.14362272,1.198611198,0.005673251,0.002481621,0.90455532,473,,,,,,CpxUnc,,Floor Deposits,,,1,1,1
11-3-000095,-17.05465152,22.88912836,-17.05455772,22.88885538,39.19106011,0.456257244,39.81018794,38.49585393,0.25483336,1.034142223,95.11351231,0.000513712,0.000563871,0.071024015,0.074204655,2.91921654,0.009637441,0.002716182,0.89189559,197,,,,,,CpxUnc,Channel S,Floor Deposits / Slump Deposits / Channels,,,1,1,1
10-0-012169,22.67346444,42.33483585,22.67411304,42.32798743,21.13182804,0.331695719,21.64670394,19.79770506,0.404398487,1.093394607,91.57875753,0.000316896,0.000584049,0.043710671,0.080795295,1.292261195,0.009418057,0.004978536,0.76946235,96,,,,,,CpxFF,,Ejecta Deposits / Floor Deposits,,,1,1,1
11-0-007756,-9.769009623,32.43388021,-9.76778235,32.43352751,14.18958636,0.331046996,14.84635623,13.6463233,0.393861337,1.087938187,84.8731738,0.000736372,0.000573855,0.105005995,0.079544377,3.665511326,0.019660472,0.009971258,0.85218257,75,,,,,,CpxFF,,,,,2,1,1
15-1-020401,-20.04063378,144.3194277,-19.95131306,144.3093444,48.71148253,1.07201223,47.46189128,36.63230541,0.63583422,1.295629384,3.146757464,0.004248596,0.001923683,0.167257681,0.568240534,1.009593649,0.014903564,0.020609925,0.65273768,149,,,,,,CpxUnc,,Ejecta Deposits / Slump Deposits / Floor Deposits,3,,1,1,1
04-1-005066,-52.86259498,234.6747862,-52.86261977,234.6745827,10.19891687,0.221928659,10.43444403,9.8946245,0.317478064,1.054556849,66.95938688,0.000430552,0.000780327,0.063276267,0.066954326,5.727077302,0.025735867,0.00958214,1,85,1,Rd/SLERS,HuSL,,,CpxCPt,Terraced,Slump Deposits,,,4,3,4
11-0-005151,-15.34307722,29.23655153,-15.34309942,29.23649053,20.08447717,0.302895285,20.82377741,19.36292355,0.367946817,1.075445934,20.33894189,0.000295604,0.000323181,0.04573991,0.042915784,1.397304944,0.007332508,0.003355856,0.98376167,122,,,,,,CpxFF,Terraced,Floor Deposits,,,1,1,1
04-1-000251,-44.51005055,212.7088257,-44.51552486,212.7068799,98.56470187,2.537302796,103.5941608,93.49187369,0.430727404,1.108055243,94.57717552,0.002148478,0.002533899,0.286953131,0.243560326,1.392837458,0.007190386,0.004213461,0.84588379,508,,,,,,CpxUnc,Gullies,Floor Deposits / Tectonics,,,2,1,1
07-1-015188,-21.99952072,326.5219095,-21.9993692,326.5218105,19.59137482,0.322887821,19.81502992,19.32691918,0.220589924,1.025255486,20.83802438,0.000597043,0.000670859,0.088148805,0.086063004,8.664391864,0.027145823,0.006453347,1,117,,Rd,,,,CpxFF,,Floor Deposits / Slump Deposits,,,2,2,2
04-1-006496,-55.10908464,207.7054176,-55.10906659,207.7053935,12.05603091,0.21608315,12.17416739,11.89597566,0.212555415,1.023385365,52.94428969,0.000390555,0.000776618,0.058525074,0.061827024,10.35676351,0.031802761,0.007245271,1,100,1,SLERS,HuSL,,,CpxCPk,,Slump Deposits,,,3,2,3
12-1-002003,-47.94145965,49.05291698,-47.94086324,49.04617207,13.96320958,0.408147443,14.81670695,12.42437245,0.544843051,1.192551737,79.61441963,0.000402422,0.000740659,0.058441641,0.077334952,1.166714555,0.009509981,0.008787852,0.82720077,85,,,,,,CpxUnc,,Floor Deposits,,,1,1,1
15-1-042261,-41.21436307,125.078664,-41.21443786,125.0789598,33.46115921,0.491421786,33.71786958,33.13661057,0.184880022,1.017541294,49.31922813,0.000676748,0.000945898,0.101305432,0.099441434,8.140175532,0.022183856,0.004320989,1,237,,Rd,,,There may be a cohesive lobe within the Rd ejecta.,CpxCPt,Gullies,Slump Deposits,,,3,2,3
03-1-019472,-31.42541487,262.5341317,-31.42537422,262.5340888,15.24421188,0.22712578,15.45993517,15.02322593,0.236003543,1.029068939,13.42280752,0.000373649,0.000463627,0.057590704,0.054469554,5.946274307,0.020799588,0.00534942,1,98,,Rd,,,,CpxCPt,,Slump Deposits,,,3,2,3
03-1-009269,-18.63913995,191.5726303,-18.63924022,191.5725986,10.95580362,0.198441762,11.27806255,10.62914108,0.334314371,1.061051167,122.7644794,0.000358017,0.000372505,0.052544133,0.04992674,3.749187911,0.017577492,0.007019739,1,67,,,,,,CpxFF,,Floor Deposits / Slump Deposits,,,1,1,1
11-0-009915,-4.013274008,3.665625298,-4.013262511,3.665583059,31.98950212,0.415575665,32.79360567,31.18668196,0.309194353,1.051525959,126.4042258,0.000412277,0.000404932,0.059920234,0.057460554,1.747769356,0.007590029,0.002728569,1,182,,,,,,CpxFF,Terraced,Slump Deposits,,,2,1,2
06-1-010482,16.72954413,331.1786412,16.7293637,331.1783397,30.05674692,0.560467401,30.81180617,29.22222213,0.317046769,1.054396412,114.6015441,0.000928721,0.000950722,0.136205037,0.131450464,3.899843421,0.01789284,0.006649889,1,153,2,DLERS,HuBL,,,CpxCPt,Terraced,Ejecta Deposits / Floor Deposits,,,2,2,2
11-0-002258,-28.19434889,14.67314738,-28.19437877,14.67319712,12.68051182,0.15835368,12.69742878,12.64621799,0.089722117,1.004049495,23.75008249,0.000373523,0.000435258,0.056115133,0.054801977,49.49348959,0.068430072,0.006214581,1,82,,,,,,CpxFF,,Floor Deposits,,,1,1,1
03-1-027529,-39.5204463,190.7862299,-39.52021572,190.7861948,21.24945424,0.841142241,22.34688983,19.90113394,0.454875625,1.122895303,59.64546368,0.001152384,0.001521675,0.170617252,0.16717607,3.178510117,0.019791756,0.012746612,1,143,,,,,,CpxFF,,Floor Deposits / Slump Deposits / Tectonics,,,1,1,1
10-1-006090,25.4453685,87.88347859,25.44535229,87.88343332,13.33121577,0.216803203,13.54477546,13.09717368,0.254951217,1.034175448,29.58057229,0.000446247,0.00050605,0.066503533,0.064780151,6.818961789,0.025559006,0.007207485,0.96754873,79,2,DLERS,HuBL,,,CpxSuPt,Terraced / Gullies,Slump Deposits / Floor Deposits,,,3,2,3
12-1-001435,-47.66142456,14.12074024,-47.66141866,14.12073125,14.8145621,0.266304871,14.87356036,14.70758626,0.148974772,1.011284932,80.72823905,0.000459633,0.000729891,0.065675035,0.072249748,19.43977386,0.043353836,0.00667976,1,116,1,SLEPS,SmSL,,,CpxCPk,,Slump Deposits / Floor Deposits,,,3,2,2
03-1-002768,-8.816902126,206.4577978,-8.816997666,206.457451,16.55014191,0.294020953,16.69730994,16.40099462,0.187557062,1.018066912,27.46230416,0.000556986,0.000643388,0.095986979,0.081087689,13.1284135,0.03900436,0.007719258,0.89673847,89,,,,,,CpxFF,Channel W/Channel S,Floor Deposits / Tectonics,,,1,1,1
15-1-040310,-38.01187044,133.5809779,-38.01167736,133.5804898,36.30867781,0.45642367,36.43255531,36.07986948,0.13880675,1.009775142,49.20348675,0.000624405,0.001384444,0.098359679,0.130582753,17.64998334,0.031902609,0.004559433,0.79911625,197,,Rd,,,,CpxFF,,Ejecta Deposits / Floor Deposits,,,1,2,1
11-0-009018,-6.1256551,3.829959532,-6.125722676,3.830128842,11.76323624,0.177728993,12.01157079,11.52419638,0.281965345,1.042291401,167.2138246,0.000330369,0.000357502,0.052203286,0.048040056,4.712304665,0.019659616,0.006276799,0.94135875,68,,,,,,CpxFF,,Floor Deposits,,,1,1,1
11-1-016937,-37.51722068,51.31871157,-37.5175972,51.31797215,10.19237996,0.348058068,11.16095397,9.321590711,0.549951501,1.197322894,46.24730938,0.000343211,0.000573376,0.059376713,0.0494585,1.576713039,0.009530193,0.008996217,0.85743612,60,1,SLERS,HuSL,,,CpxFF,Terraced,,,,2,2,2
02-1-003791,23.68463549,183.8423906,23.68635976,183.8419461,53.25625982,0.731970466,54.17679633,52.15277456,0.270782941,1.038809474,167.0289667,0.000876985,0.000874599,0.114922661,0.124170569,2.879820698,0.010912724,0.003312548,0.7204414,201,,,,,,CpxFF,,,,,1,1,1
11-0-005800,-13.81553433,26.44437642,-13.81564223,26.44425711,11.20877697,0.15869101,11.70439799,10.71574299,0.402246683,1.092261918,119.9090274,0.000170196,0.000168769,0.02491892,0.023289622,1.154267172,0.006339796,0.003323136,1,69,,,,,,CpxFF,,Floor Deposits,,,1,1,1
07-1-005714,-7.250024121,338.5175947,-7.250229071,338.5130828,18.1676121,0.367294327,19.68945106,17.17424908,0.489048902,1.146451934,8.155835319,0.000447566,0.000830886,0.098500243,0.056503244,1.603222673,0.009315082,0.006864462,0.7456426,76,,,,,,CpxFF,,Floor Deposits / Slump Deposits,,,1,1,1
03-1-010874,-21.70516921,184.2201095,-21.70831915,184.222709,26.04511216,0.959954057,27.29833279,24.36491054,0.450964132,1.120395363,65.911476,0.002142772,0.004339165,0.370569753,0.380453404,6.728409888,0.036549958,0.023181567,0.74105358,125,,,,,,CpxFF,,Floor Deposits / Slump Deposits,,,1,1,1
10-0-009638,27.78976201,25.2371561,27.78973562,25.2369552,11.93199754,0.215112396,12.04065798,11.79286737,0.201830287,1.021011904,138.3722691,0.000467805,0.000573477,0.069540842,0.068884631,13.8248753,0.039041569,0.008386988,0.93454003,73,,,,,,CpxFF,Channel NW / Channel SE,Floor Deposits,,,1,1,1
10-0-003057,7.284864348,46.7374501,7.2847202,46.7371964,32.2973996,0.691672524,33.37080668,31.13312323,0.360019237,1.071874686,70.76070625,0.000915575,0.000880671,0.133428334,0.128304021,2.673495966,0.013881936,0.006154713,1,193,,,,,,CpxFF,,Floor Deposits,,,2,1,1
10-0-010546,29.78269909,45.16985288,29.78284921,45.16982916,24.63337895,0.483667589,25.04413807,24.12424218,0.268538279,1.038131597,86.21460181,0.000768021,0.000892612,0.110488332,0.112417659,5.7100827,0.022173011,0.006661746,0.96432698,149,,Rd,,,,CpxFF,Channel NE,Slump Deposits / Floor Deposits,,,1,1,1
15-1-033568,-30.06634623,128.848096,-30.06610471,128.8486426,24.57512824,0.565103722,25.85020339,23.27070994,0.435448168,1.110847218,80.11868865,0.00075599,0.000828902,0.109121691,0.100920524,1.980473085,0.011263088,0.006722904,0.93568516,150,,,,,,CpxFF,,Floor Deposits,,,1,1,1
13-1-001709,50.44971562,153.19119,50.44973405,153.1913047,15.00645107,0.211581081,15.30861782,14.69766323,0.279688475,1.041568144,114.4135036,0.000262699,0.000399891,0.038080458,0.036429514,2.90430673,0.011573163,0.003657545,0.98831594,194,2,DLERS,HuSL,,,CpxFF,,Slump Deposits,,,3,2,2
15-1-042268,-40.58312964,123.849171,-40.58263875,123.8493689,18.96815314,0.810943889,19.98036189,17.65195504,0.468496729,1.131906457,73.60732646,0.001156857,0.001487993,0.167548432,0.167426154,3.242990368,0.021091827,0.014330204,1,136,,,,,,CpxFF,,Slump Deposits / Floor Deposits,,,1,1,1
11-0-004078,-19.56791515,46.21414722,-19.56791371,46.2144105,31.43436289,0.680413539,32.62451259,30.17301121,0.380314863,1.081248151,120.6050944,0.000685577,0.000727426,0.101472975,0.098042214,1.884778492,0.010116466,0.004863493,0.97593015,191,,Rd,,,,CpxFF,,Floor Deposits,,,2,2,2
07-1-011459,-17.5819735,318.0757297,-17.58205093,318.0750905,52.10518894,1.019870541,53.97917718,50.14463392,0.370173724,1.076469663,149.2267387,0.000817015,0.000880707,0.121117084,0.117099836,1.485524105,0.007549785,0.003486146,1,297,,Rd,,,,CpxUnc,,Fractured,,,1,2,1
07-1-016556,-24.35725906,316.124523,-24.35720433,316.1241026,23.39893661,0.52255427,24.04189996,22.66475608,0.333587878,1.06076147,52.40079067,0.000800814,0.000902189,0.118909699,0.116088416,3.995050854,0.018969034,0.007552812,1,146,1,SLERS,HuBL,,There may be additional lobes here.,CpxFF,Terraced,Slump Deposits / Floor Deposits,,,2,2,2
10-0-000522,8.441622205,11.55131079,8.441320574,11.55127992,12.12204599,0.294336543,12.49057114,11.76389835,0.336111244,1.061771427,76.35903421,0.000817694,0.000678464,0.115405838,0.096240462,7.055736091,0.032568599,0.013103135,0.88295478,62,1,SLERS,HuBL,,,CpxFF,,Ejecta Deposits,,,2,2,2
07-1-027199,-43.33926639,354.6556041,-43.33713397,354.6533796,47.21184356,0.984310232,49.19190054,45.11472396,0.398618324,1.090373524,19.08880283,0.000679697,0.001030881,0.10453584,0.103337387,1.182936357,0.00659284,0.003406871,0.90719342,294,,,,,,CpxFF,,Floor Deposits / Ejecta Deposits / Tectonics,,,1,1,1
10-0-002828,6.533683722,34.78345638,6.53462086,34.78263475,89.59832372,1.553322062,90.88407378,88.3906863,0.232630512,1.028208713,112.9634594,0.001486556,0.001299151,0.228104849,0.188942189,3.640109586,0.013404694,0.003389748,0.88386726,492,,Rd,,,,CpxFF,Gullies / Channel E,Dunes / Slump Deposits / Floor Deposits,,,1,1,1
11-0-007051,-10.54432603,13.01318702,-10.58112222,13.04427908,41.57363878,0.456395078,47.87919346,42.27235172,0.469568451,1.132636144,128.7542268,0.005406964,0.004995814,0.915339521,0.181831136,1.543306965,0.032529637,0.022194705,0.64386004,136,,,,,,CpxFF,,Floor Deposits,,,1,1,1
11-0-011455,-0.488772643,35.68691619,-0.475056917,35.68997295,30.52656891,0.665643055,31.18103055,27.97697954,0.441535904,1.114524551,175.2491572,0.00174368,0.001064371,0.104458533,0.247106621,2.275313513,0.017223629,0.010528333,0.71499008,111,,Rd,,,,CpxFF,Terraced,Floor Deposits / Slump Deposits,,,1,2,1
08-1-005125,-54.70837707,332.0303247,-54.70789493,332.0324723,20.55773,0.388461891,21.35644888,19.60216565,0.396911283,1.089494358,134.9519672,0.000285863,0.000624415,0.044865145,0.04951932,1.265334694,0.006973787,0.003579621,0.88559085,147,,,,,,CpxUnc,,Slump Deposits / Floor Deposits,,,2,1,1
04-1-000417,-44.82954692,231.3866427,-44.82960587,231.386312,45.79717256,0.564115078,46.42484917,45.16290606,0.231573093,1.027942026,137.0302869,0.000478544,0.000763058,0.076198219,0.070881307,2.792538061,0.009280669,0.002334389,0.93443668,307,,Rd,,,,CpxFF,,Dunes / Ejecta Deposits / Floor Deposits / Slump Deposits,,,2,2,1
04-1-009323,-62.05022335,266.6395621,-62.05010352,266.6376374,17.37905546,0.160225702,17.57114572,17.01430677,0.249753426,1.03272769,71.14074567,0.000174225,0.000550678,0.025757453,0.040326015,2.469749578,0.010462247,0.002878021,0.83483326,140,,Rd,,,,CpxFF,,Floor Deposits,,,2,2,1
11-0-003342,-23.07858577,18.75755435,-23.07840603,18.75744035,14.39312947,0.408634734,14.67782135,14.08072063,0.282322592,1.042405551,173.6487583,0.000644145,0.000750067,0.100091013,0.09208088,7.656454092,0.030798202,0.009848751,1,93,,,,,,CpxFF,,Ejecta Deposits / Floor Deposits,,,1,1,1
10-0-010071,29.14075938,31.73508969,29.14060779,31.73491302,11.24280521,0.24432603,11.29604244,11.14202178,0.164571968,1.013823403,89.70822582,0.000572996,0.000671443,0.082872178,0.086061648,25.31556313,0.062977631,0.010800133,1,72,2,Rd/DLEPC/DLERC,Hu/HuSL,,,CpxFF,,,,,3,2,3
03-1-015480,-26.7242916,204.4106413,-26.72424719,204.4107286,10.63372227,0.182087295,10.80358573,10.44166593,0.256666502,1.034661117,37.14258419,0.000367559,0.000426476,0.053642716,0.053777017,7.133637346,0.026036322,0.0074019,1,68,1,SLEPS,HuBL,,,CpxCPk,Terraced,Slump Deposits,,,3,2,3
08-3-000107,-55.9341323,291.9757322,-55.93607006,291.9635762,12.61285189,0.221911202,12.79680293,11.44679523,0.447059347,1.117937613,112.9816111,0.000303326,0.001342517,0.037279597,0.110007391,1.832351236,0.017973261,0.01122651,0.6759429,68,,Rd,,,,CpxUnc,,Floor Deposits / Slump Deposits,,,1,1,1
11-0-000149,-39.36489054,28.83210205,-39.35530695,28.8429067,42.47158481,1.17299555,44.48932185,39.02830047,0.480032027,1.139924652,136.3324089,0.001274083,0.002709841,0.203091988,0.267131139,1.831300304,0.013189527,0.009378381,0.70789742,204,,,,,,CpxFF,Gullies,Ejecta Deposits / Floor Deposits / Slump Deposits,,,1,1,1
04-1-003449,-49.4614387,254.9932887,-49.46083164,254.9921398,23.10537566,0.412458684,23.4302708,22.77203781,0.235366339,1.028905318,119.2864105,0.000678542,0.001174109,0.113236623,0.097580871,7.32715527,0.025922304,0.006645753,0.88405621,153,,Rd,,,,CpxFF,,Floor Deposits,,,2,2,2
15-3-000091,-36.56407537,173.7583846,-36.57766815,173.7528208,40.56847781,0.544504102,43.04911559,39.88901435,0.376065406,1.079222345,77.51361892,0.001087857,0.000737916,0.162361177,0.055618392,1.127112121,0.00918018,0.004339577,0.73630279,171,,,,,,CpxUnc,,Floor Deposits / Tectonics / Ejecta Deposits,,,1,1,1
03-1-025372,-37.65181504,223.3571564,-37.65187669,223.3588128,30.84609103,0.770759196,31.82319532,29.56820218,0.36972821,1.076264128,83.4991565,0.00089469,0.001173687,0.129259874,0.140779772,2.656615951,0.01461306,0.006735663,0.91505396,181,,,,,,CpxUnc,,Floor Deposits,,,1,1,1
08-1-004299,-52.74190983,339.3165743,-52.74197033,339.3165963,11.93113748,0.173969959,12.36410917,11.57381517,0.351782926,1.068282929,165.2162789,0.000234933,0.000453681,0.040876168,0.034078103,2.147670394,0.011027434,0.004729422,1,96,1,SLERS,HuBL,,,CpxUnc,,Floor Deposits,,,3,2,2
14-1-006098,19.51621352,137.8719698,19.5162451,137.8721744,26.33748046,0.310045421,26.82085677,25.84554148,0.267218598,1.037736307,1.203383567,0.000479752,0.000530549,0.072613967,0.069553707,3.406782218,0.013265368,0.003961385,1,151,3,Rd/MLERS,HuBL,,,CpxCPt,Terraced,Slump Deposits,,,3,2,3
11-1-008438,-20.31472573,78.52190083,-20.31481767,78.52222486,17.95768635,0.278550336,18.3944173,17.50782813,0.306715682,1.050639586,25.19228429,0.00056428,0.000628786,0.086774526,0.08102714,4.39212101,0.019519265,0.006943217,1,112,,,,,,CpxFF,,,,,1,1,1
04-1-008363,-60.63796572,184.5386044,-60.63763713,184.5372562,12.94908634,0.692814785,14.84769044,11.08416427,0.665357958,1.339540815,143.8676962,0.00062849,0.001608567,0.114465422,0.08805292,1.276833618,0.009272002,0.014828482,1,124,,,,,,CpxFF,,Floor Deposits,,,1,1,1
16-1-003249,-49.76699741,163.7400351,-49.75632076,163.7308598,26.660177,1.113857314,29.16968928,25.12669695,0.507931467,1.16090425,115.5804886,0.002328901,0.002758474,0.387584021,0.197276212,2.615951532,0.022545821,0.017916797,0.82488686,156,,,,,,CpxUnc,,Ejecta Deposits / Floor Deposits / Slump Deposits,,,1,1,1
12-1-010335,-72.50823303,66.55765584,-72.50847374,66.55754775,11.98565737,0.217808849,12.37069011,11.60745527,0.345814309,1.065753847,73.73655095,0.000409823,0.001273493,0.0595194,0.055241947,3.519555682,0.01722937,0.007212455,0.95209205,70,,,,,,CpxUnc,,Floor Deposits,,,1,1,1
07-0-001352,-18.33636584,337.0073105,-18.33639622,337.0072989,13.47344425,0.159914766,13.65891927,13.27574552,0.235200004,1.028862692,118.0716782,0.000322064,0.000336756,0.046674744,0.045931106,5.729639731,0.019531532,0.005003177,1,85,,Rd,,,,CpxFF,Gullies,Slump Deposits,,,3,2,2
03-1-030320,-43.35731779,223.906997,-43.36342977,223.9108173,25.73933782,0.633235298,27.79656897,24.31953887,0.484282772,1.142972699,119.6082005,0.001044192,0.001119938,0.164509056,0.106903914,1.592541791,0.011652727,0.008426246,0.85119903,145,,,,,,CpxFF,,Floor Deposits,,,1,1,1
15-1-015696,-16.31874013,131.6405432,-16.31854453,131.6403266,35.11239809,0.701899215,36.00899621,34.15934566,0.316376659,1.054147716,120.7226257,0.000881504,0.000885116,0.128894653,0.121847119,3.172683281,0.014373871,0.005326999,1,223,,,,,,CpxFF,,Ejecta Deposits / Floor Deposits / Slump Deposits,,,2,1,1
15-1-042879,-41.40738579,136.4085971,-41.40754196,136.4085405,14.55689128,0.424159469,15.03475191,13.9682649,0.369915992,1.076350715,93.89655155,0.0006596,0.000882704,0.093243871,0.095698414,4.282620579,0.021563629,0.009946869,1,103,,,,,,CpxFF,,Floor Deposits,,,1,1,1
15-1-004793,-6.559214121,90.35548311,-6.566845007,90.35151315,53.61620605,0.83604923,56.54255726,52.05264785,0.390524844,1.08625708,86.70709257,0.001528838,0.001139259,0.252617453,0.128926752,2.122806491,0.011085848,0.005549009,0.52093458,158,,,,,,CpxFF,Channels,Ejecta Deposits / Floor Deposits / Slump Deposits / Channels,,,1,1,1
10-1-000031,43.47462469,9.930903303,43.47498788,9.924857282,20.96848651,0.317617172,22.0867705,20.38189515,0.385255108,1.083646557,4.40748846,0.000882941,0.001606332,0.145640806,0.080366522,3.112123868,0.016982751,0.008325674,0.68273067,93,1,SLEPS,HuAm,,,CpxFF,Channel S / Channel NW,Slump Deposits / Channel,,,2,2,1
11-0-000702,-35.65854075,23.14753545,-35.65859515,23.14752388,18.71269326,0.366276607,19.17004591,18.18460286,0.316493607,1.054191068,84.25779326,0.00054591,0.000669416,0.079506068,0.080451456,3.685010824,0.017241208,0.006392793,1,129,,,,,,CpxFF,,Floor Deposits,,,2,1,1
14-1-009672,10.40840082,118.2714199,10.40833787,118.2714946,10.86663088,0.256857478,11.25045386,10.4543053,0.369491541,1.07615509,130.1265168,0.000567852,0.000584328,0.085197405,0.081136315,4.817799057,0.025340457,0.011669266,1,64,1,SLERS,HuSL,,,CpxCPk,,Slump Deposits,,,3,2,3
08-3-000000,-45.37611706,279.1293052,-45.37861418,279.1274299,25.95316331,1.06599457,28.30846983,23.50174993,0.557462592,1.204526042,150.5048217,0.000904544,0.001484659,0.152229447,0.134918744,1.32205256,0.009725405,0.009474843,0.93209106,177,,,,,,CpxFF,,Floor Deposits / Tectonics,3,,1,1,1
15-1-039531,-37.35046343,159.4505166,-37.35023519,159.4530552,10.28902872,0.342292481,10.99432351,9.279904116,0.536243675,1.184745378,90.49275422,0.000429243,0.000577697,0.061650284,0.070229109,1.678519337,0.012513809,0.011159039,0.86139458,62,,,,,,CpxFF,,Ejecta Deposits / Floor Deposits,,,1,1,1
11-4-039532,-33.17268392,30.63851586,-33.18190863,30.63182596,36.00995942,0.611116926,37.35098004,34.36380922,0.391861314,1.086927814,0.545672254,0.001109234,0.001130195,0.15173621,0.157354506,1.532040829,0.013222575,0.006653506,0.61509985,223,,,,,,,,,,,,,
03-1-024550,-36.73690531,239.1390186,-36.73690662,239.139072,17.24567525,0.331295572,17.59695744,16.81753073,0.294320638,1.046346085,92.03580382,0.000592734,0.000748176,0.085213457,0.087617551,5.187238435,0.022073611,0.007442523,0.97906035,113,,Rd,,,,CpxCPt,Terraced / Gullies,Slump Deposits,,,3,2,3
04-1-009676,-64.51087391,190.8561605,-64.51149044,190.8584087,43.84861214,0.787882828,44.28554319,42.78285817,0.258286845,1.03512353,83.4908817,0.000579476,0.001944533,0.083890922,0.14154196,2.927305019,0.01377537,0.003946227,0.7768935,374,,,,,,CpxFF,Terraced,Dunes / Ejecta Deposits / Slump Deposits,,,3,2,2
16-1-001221,-45.58741664,150.2891366,-45.58702481,150.2895232,12.47594298,0.852495773,14.18059424,10.77500316,0.650108441,1.316064045,46.89149436,0.000772561,0.001171708,0.12198699,0.10336753,1.595890881,0.011443424,0.016957931,1,98,,,,,,CpxFF,,Floor Deposits / Slump Deposits,,,1,1,1
04-3-000072,-50.57033321,183.5839233,-50.56961958,183.5845574,24.35414613,0.775837859,25.17943907,23.20534733,0.388143241,1.085070553,89.35748564,0.000896849,0.001504399,0.123438239,0.137515097,3.305812936,0.016829507,0.008345212,0.90408897,168,,,,,,CpxFF,,Floor Deposits / Slump Deposits / Ejecta Deposits,,,2,1,1
07-1-007485,-10.78514228,329.8252582,-10.78613079,329.8246746,25.94667041,1.316325315,28.04896653,23.64324665,0.538027086,1.186341578,57.16107076,0.001355819,0.001326742,0.203536769,0.185670428,1.981774241,0.014120468,0.012684767,0.98375833,156,,Rd,,,,CpxFF,,Floor Deposits / Slump Deposits,,,2,2,2
04-1-001084,-45.68916768,215.5866945,-45.69913154,215.5940633,17.21288107,0.424560662,17.10606301,15.64973404,0.403760438,1.093057746,28.31824002,0.003628992,0.003594068,0.135692968,0.579914538,5.85519116,0.078555487,0.041421861,0.66340744,72,,,,,,CpxFF,,Floor Deposits / Slump Deposits,,,1,1,1
04-1-006125,-54.89322676,263.7244803,-54.89313814,263.7244009,15.5307717,0.232981419,15.63774961,15.38675002,0.178449218,1.01631271,129.4109857,0.000390037,0.000748006,0.058747436,0.061628114,10.96689539,0.02979299,0.005580984,1,127,,,,,,CpxFF,,Slump Deposits / Floor Deposits,,,1,1,1
15-1-037814,-36.00422333,168.0088719,-36.00442269,168.0089571,10.03347528,0.403459961,10.71962569,9.260445758,0.50370159,1.157571242,114.2301501,0.000637216,0.000780838,0.095784737,0.091007384,2.858702242,0.019679255,0.015375356,1,70,,,,,,CpxFF,,Floor Deposits,,,1,1,1
03-1-023499,-35.59115398,218.011048,-35.59113759,218.0113525,11.21558839,0.155132224,11.56544501,10.79926094,0.357919869,1.070947825,79.40024462,0.000224888,0.0003178,0.031435128,0.034464098,2.29038434,0.01021155,0.004489339,0.84498405,63,,,,,,CpxFF,,Floor Deposits,,,1,1,1
03-1-005084,-12.87317272,187.9818617,-12.82613397,187.9517198,80.04400206,2.258434283,91.04761508,76.19413382,0.547416524,1.194942583,115.3422263,0.003053664,0.003205326,0.51861407,0.17252809,0.922290007,0.007841925,0.007324562,0.71565187,313,,,,,,CpxFF,,Floor Deposits / Tectonics / Ejecta Deposits,,,1,1,1
10-0-004400,12.28321253,27.10974218,12.28262779,27.10878037,26.32586957,0.730190163,27.12380869,25.55127696,0.335545687,1.061544154,24.87869858,0.000933566,0.000991393,0.1504932,0.130266694,3.974536982,0.019927693,0.007998764,0.92159313,149,3,MLERS,HuBL,,,CpxCPk,Terraced,,,,3,2,4
15-1-000260,-1.029284609,104.5296285,-1.029275832,104.5297141,11.09267123,0.214308137,11.19007167,10.96575401,0.199224541,1.0204562,159.7324556,0.00053333,0.000547436,0.078340921,0.075991771,16.70555532,0.047482836,0.010052234,1,65,,Rd,,,,CpxFF,,Floor Deposits,,,1,1,1
04-1-011720,-74.96838761,202.5309812,-74.97641946,202.5556145,90.72761283,2.40223003,94.60360588,85.50554006,0.427892555,1.106403232,49.4326229,0.001676136,0.005967916,0.226422683,0.252566279,1.151144616,0.007258062,0.004206256,0.88906735,456,,,,,,CpxUnc,Terraced,Floor Deposits,,,2,1,1
10-4-007316,36.20302897,19.08312415,36.19854914,19.08290432,21.53550009,0.486197519,22.77704795,20.72167501,0.415131926,1.099189517,83.53127155,0.000969368,0.000682681,0.116972207,0.064706213,2.193533951,0.011983114,0.006606532,0.74501157,177,,,,,,,,,,,,,
12-1-009839,-78.23426095,79.82990507,-78.23467597,79.83003684,10.7795099,0.329471682,11.19863544,10.38547708,0.374101592,1.078297641,31.5586125,0.000689303,0.003721744,0.113285913,0.094072659,6.003793305,0.031217216,0.014641976,1,77,,Rd,,,,CpxUnc,,Floor Deposits,,,2,2,1
15-1-003404,-4.550480494,163.7124227,-4.549634702,163.7122152,24.4466171,0.617569005,24.6270284,24.13081439,0.199730662,1.0205635,144.1426406,0.001335758,0.00119764,0.17861083,0.171289342,18.59107143,0.048782881,0.01035696,0.90320063,129,,,,,,CpxFF,,Floor Deposits,,,2,1,1
07-0-002635,-29.96589206,357.1531951,-29.96721955,357.1538211,15.24907889,0.666709411,16.42816089,14.15581119,0.507452715,1.16052416,95.98023014,0.001299957,0.001120562,0.202959809,0.149381859,2.978070623,0.023773319,0.01885593,0.81149971,82,,,,,,CpxUnc,,Floor Deposits,,,1,1,1
14-1-008610,12.51434609,123.937665,12.51432772,123.9376192,14.08917844,0.142167387,14.32670069,13.83805619,0.258942491,1.035311643,117.7739854,0.000280693,0.000289564,0.041109481,0.040912748,3.894012901,0.014844181,0.004265529,0.96493632,81,3,MLERS,HuSL,,,CpxFF,Terraced,Slump Deposits,,,3,2,3
12-1-004978,-55.42543165,59.3326103,-55.42502257,59.33143997,43.37891644,0.76511214,44.82231919,41.68725929,0.367418226,1.07520427,123.452946,0.000504706,0.000996124,0.075259711,0.079654385,1.173706538,0.005988509,0.002734969,0.96626866,353,,Rd,,,,CpxUnc,,Slump Deposits / Floor Deposits,,,2,2,1
15-1-014374,-13.8249964,158.7707114,-13.8250228,158.7707319,13.89829105,0.325918681,14.11563387,13.60970135,0.265328754,1.037174403,68.0673107,0.000695656,0.00069718,0.09914593,0.099904329,9.171993958,0.035595368,0.010537393,1,91,,Rd,,,,CpxFF,,Slump Deposits / Floor Deposits,,,2,2,1
10-0-004336,12.0269828,40.11213191,12.02699424,40.11226761,10.81897279,0.252943944,11.16553866,10.42043771,0.359181307,1.071503805,146.2781185,0.000667472,0.000673088,0.097581589,0.095069383,5.989899839,0.030636265,0.013537258,0.947092,61,1,SLERC,HuSL,,,CpxCPk,,Slump Deposits,,,3,2,4
13-1-001821,49.39463685,115.7883037,49.39466743,115.7882067,16.30910505,0.219239386,16.35615155,16.231764,0.123093641,1.007663218,94.52134488,0.00033516,0.000514257,0.048402103,0.048308257,18.3980956,0.033579286,0.004229152,1,213,1,SLERS,HuSL,,,CpxFF,Terraced,Floor Deposits,,,3,2,2
06-0-000585,26.74526179,350.0584031,26.74532831,350.0583708,13.59401084,0.178456987,13.69277839,13.46793502,0.180475829,1.016694717,74.85767113,0.000342834,0.000399834,0.048648,0.051691158,10.7728942,0.02803536,0.00531737,1,88,2,DLERS,HuBL,,,CpxCPk,Terraced,,,,4,3,4
06-0-003681,2.674094385,350.6689431,2.673503871,350.6695336,87.33984826,2.017825913,89.78301253,84.6399683,0.333593675,1.060763778,124.0639118,0.001623283,0.001596213,0.241087408,0.230575144,2.083310195,0.010190395,0.004057559,0.99573463,506,,Rd,,,,CpxUnc,,Floor Deposits,,,2,2,1
10-1-001354,38.56766012,18.41102691,38.56769032,18.41090428,19.74510979,0.303514434,19.94185788,19.50212042,0.208843743,1.022548187,116.7257251,0.000475141,0.000641659,0.069236199,0.071592679,7.621539702,0.023138789,0.005166702,0.9825927,130,2,Rd/DLERS,HuBL,,,CpxSuPt,Terraced,Slump Deposits,,,3,2,4
11-1-000375,-1.216043476,89.45884226,-1.21590385,89.45848914,14.65767179,0.212504225,15.0921836,14.17169653,0.343892512,1.064952496,103.8102985,0.000295248,0.000302655,0.04250961,0.04388146,2.222193638,0.010732503,0.004457737,0.93894845,82,,Rd,,,,CpxCPk,,Slump Deposits,,,3,2,3
11-1-009594,-22.4660689,56.27137216,-22.4661418,56.2713398,13.5890063,0.226447015,13.7878426,13.36767406,0.244987815,1.031431686,78.4949938,0.000418605,0.000448095,0.06108972,0.060329315,6.670088505,0.024266023,0.006523257,1,85,1,SLEPC,Hu,,,CpxCPt,Gullies,Floor Deposits,,,3,2,3
02-1-006249,8.41907355,247.2616242,8.418995885,247.2610328,69.69876232,1.836256228,71.30863786,67.81012369,0.309380209,1.0515928,78.47010764,0.001658035,0.001635049,0.238780513,0.233603985,3.188063296,0.014042227,0.005052093,0.8959831,342,3,MLERS,HuBL,Inner is Small-Crown,There may be additional lobes here.,CpxUnc,Terraced,Floor Deposits,,,3,2,3
10-1-000122,43.983518,38.04866674,43.98172283,38.04986928,14.34118325,0.601460471,15.81372835,12.64062837,0.600872032,1.251023912,44.09872116,0.000477575,0.000679672,0.071560802,0.069194372,1.015460054,0.007552367,0.008885092,0.89412975,89,,,,,,CpxFF,,Ejecta Deposits,,,1,1,1
06-0-002863,11.18080032,340.7312511,11.18000559,340.7315221,17.22045991,0.482748797,17.61199766,16.8334421,0.294037049,1.046250527,133.4361874,0.001214551,0.001127641,0.198856181,0.147918422,9.489331136,0.044451406,0.014969063,0.86438948,92,,,,,,CpxFF,,,,,1,1,1
10-1-006453,21.84661685,25.16947229,21.84842374,25.16946094,19.17974711,0.429593258,19.42119311,18.6734047,0.274817988,1.040045638,172.2098283,0.001065669,0.000825694,0.113352079,0.16200727,7.313023297,0.035174626,0.010875064,0.83073157,93,,,,,,CpxFF,,Ejecta Deposits / Floor Deposits,,,2,1,1
16-1-010213,-67.67045019,153.2270829,-67.66919242,153.2236852,37.82232353,0.740424462,38.7614561,36.91847947,0.304684392,1.049920166,137.2345017,0.000819017,0.003474052,0.156570228,0.128107014,4.206849164,0.015855055,0.005590965,0.82134956,185,,Rd,,,,CpxFF,,Dunes / Floor Deposits / Slump Deposits,,,2,2,1
07-1-004017,-4.900337614,330.5123294,-4.900333085,330.5121485,12.71055,0.265290564,12.86507859,12.5158983,0.23140172,1.027898939,162.5753481,0.00064512,0.00066102,0.096734914,0.091973487,12.64575576,0.043002184,0.01080708,1,76,,,,,,CpxFF,,Floor Deposits,,,1,1,1
12-1-003016,-50.74279108,45.02992414,-50.74331142,45.03238847,16.09707669,0.765861739,17.56087676,14.80510388,0.537798889,1.18613668,143.2880208,0.000870295,0.002171009,0.174509974,0.130122111,2.959192955,0.017533388,0.01573584,0.84177512,111,,,,,,CpxUnc,,Slump Deposits / Floor Deposits,,,1,1,1
04-1-004729,-52.37182896,201.2048649,-52.37171309,201.20386,85.59438572,1.971856618,87.57927832,82.89588724,0.322633464,1.056497267,109.346542,0.001326738,0.002397251,0.190558037,0.209658058,2.066039695,0.009264467,0.003524804,0.99856418,618,,Rd,,,,CpxFF,Terraced,Slump Deposits / Floor Deposits,,,2,2,1
06-1-002999,35.97115045,351.8975964,35.97138579,351.8965841,24.08900188,0.501109347,25.40362105,22.85665667,0.436426103,1.111432062,155.9755233,0.000516996,0.000707112,0.084065574,0.073342267,1.448703466,0.008550147,0.005123103,0.93231642,132,,,,,,CpxUnc,Gullies,Floor Deposits,,,1,1,1
10-0-002887,6.270998038,23.49002607,6.270891353,23.48993866,37.40411199,0.619483015,38.01554246,36.68866691,0.261894537,1.036165815,120.4115212,0.000987507,0.000972766,0.143887702,0.139591226,4.989201232,0.019086545,0.005560855,1,222,4,Rd/MLERS,HuBL,,,CpxFF,Gullies,Slump Deposits,,,3,2,2
10-1-003481,34.3398578,19.27756172,34.33995021,19.27717134,20.9078304,0.493388487,21.43055304,20.36600781,0.311256875,1.052270687,176.9743867,0.000761597,0.00100785,0.121145069,0.109056332,5.095012128,0.022592706,0.008193503,0.97143847,131,,Rd,,,,CpxFF,Channel NW / Channel S / Gullies,Ejecta Deposits / Floor Deposits,,,1,1,1
10-0-008721,25.64771829,7.495439042,25.6489152,7.493783516,10.17575188,0.207183459,10.57111674,9.540759629,0.430625072,1.10799529,60.27908026,0.000374043,0.000422145,0.049130355,0.062858515,2.299350536,0.015251287,0.008933457,0.82170522,53,,,,,,CpxFF,Terraced,,,,1,1,1
11-0-001411,-32.76346516,32.01245312,-32.76389143,32.012187,32.14598982,0.532814854,32.89829972,31.32373969,0.305666754,1.050267307,151.6063461,0.000609117,0.000655442,0.080253087,0.08140997,2.620780061,0.010571796,0.003743661,0.89682162,186,,,,,,CpxFF,,Tectonics / Floor Deposits,,,1,1,1
06-0-001505,19.9108132,353.7845834,19.91096152,353.7831322,26.96305234,0.710390771,28.27992827,25.53140303,0.430039581,1.10765273,102.192022,0.000835225,0.000849378,0.120408469,0.116037411,2.013458703,0.011803547,0.006898137,0.94201881,164,2,DLERS,HuBL,,,CpxUnc,,Floor Deposits,,,3,2,3
04-1-005412,-53.73152277,239.3988965,-53.74104393,239.3612309,21.32781005,0.766818963,22.90446912,17.04896416,0.667788597,1.343452242,122.6944245,0.006176821,0.003106119,0.4750292,0.496424308,3.636718137,0.029660309,0.048026547,0.65910894,84,,,,,,CpxUnc,,Floor Deposits,3,,1,1,1
03-1-004290,-11.23655386,207.8818479,-11.23657019,207.8818178,11.68381409,0.126947228,11.88061577,11.48013039,0.257452868,1.034885089,61.24997441,0.000248653,0.000247068,0.035839877,0.035226847,4.176904484,0.015606006,0.004453135,1,69,1,SLEPS,HuBL,,,CpxCPt,Terraced,Slump Deposits,,,3,2,3
11-2-002879,-16.30084584,66.84803069,-16.30072519,66.84805969,12.19702429,0.293129447,12.72723772,11.63917448,0.404565371,1.093482853,57.32187196,0.000453823,0.000466112,0.065695611,0.063151356,2.865781866,0.015481164,0.00818895,1,76,,Rd,,,,CpxFF,Gullies,Floor Deposits / Slump Deposits / Fractured,,,2,1,1
07-1-024254,-37.88716678,306.8435539,-37.88705364,306.8437584,19.28659713,0.282549405,19.6462266,18.91595753,0.270111525,1.038605979,30.03872535,0.000512287,0.00070198,0.08062568,0.07530595,4.895701394,0.019623119,0.00593832,1,135,2,DLERS,HuBL,,,CpxFF,Gullies,Slump Deposits / Floor Deposits,,,3,2,2
08-1-005685,-55.18897769,298.8192105,-55.18859901,298.818413,14.95271916,0.319700503,15.4711976,14.44572636,0.358010924,1.070987863,129.2274172,0.000529418,0.001281066,0.095350852,0.079769756,4.525648278,0.020151465,0.008862506,0.8387531,105,,,,,,CpxUnc,,Floor Deposits,,,2,1,1
15-1-025023,-22.98471315,118.6658357,-22.98477958,118.6657545,13.65079678,0.242762711,14.10062949,13.21125687,0.34952579,1.067319304,33.23567821,0.000395854,0.000527949,0.063793793,0.058643558,3.565165897,0.015918216,0.006764827,0.88229614,77,,,,,,CpxFF,,Ejecta Deposits / Floor Deposits,,,1,1,1
04-1-010207,-65.48719158,235.7613139,-65.48699,235.7613795,21.77190607,0.517496926,22.44873207,21.04221599,0.348401464,1.066842583,95.32950827,0.00067446,0.001557994,0.096922055,0.093735543,3.207065119,0.015644523,0.006618252,1,141,,Rd,,,,CpxUnc,,Dunes,,,3,2,3
16-1-007226,-58.62212152,148.9493317,-58.62222256,148.949005,10.93936403,0.307966867,11.5862404,10.2451308,0.467014223,1.130902145,122.9883695,0.000315785,0.0006569,0.048234157,0.046663348,1.677041774,0.0103311,0.006978334,1,101,1,SLEPC,HuSL,,,Smp,,Slump Deposits,,,3,2,3
06-0-002306,15.08566512,348.6536044,15.08575341,348.6537212,14.53395578,0.249065693,15.17720222,13.88132907,0.404321053,1.09335368,22.50903519,0.000324603,0.000352936,0.049274427,0.046915436,1.749028888,0.009696163,0.00512399,1,91,3,MLERS,HuSL,,,CpxSuPt,Terraced,Slump Deposits / Floor Deposits,,,4,3,4
10-0-008147,24.28216912,39.25298109,24.28211166,39.25169771,42.96596382,0.75124494,44.24658496,41.46846424,0.348758129,1.066993576,113.9666333,0.000871339,0.001020084,0.125664439,0.129905524,2.277852298,0.010649521,0.004511696,0.90326917,243,,,,,,CpxFF,,Slump Deposits / Floor Deposits / Ejecta Deposits,,,1,1,1
03-1-025306,-37.5854121,229.1172347,-37.58565619,229.1184325,15.69106051,0.319624866,16.45903375,15.08747468,0.399648853,1.090907133,152.4802206,0.000334763,0.000705886,0.070269886,0.050842097,2.387460598,0.011435871,0.005933503,0.80861646,86,,,,,,CpxFF,,Floor Deposits,,,2,2,1
03-1-007803,-16.22973963,190.7871303,-16.34222155,190.7901159,31.6041268,0.319672997,45.35362559,35.27591485,0.628515549,1.285682477,92.29138999,0.037455275,0.004808843,4.469031843,1.364786207,2.791724467,0.101894524,0.136103109,0.61646724,79,,,,,,CpxUnc,,Floor Deposits,,,1,1,1
07-0-000245,-3.790796052,359.0462408,-3.790675244,359.0461013,31.12153621,0.482796901,31.42090594,30.76995879,0.202496472,1.021155282,70.3750037,0.000682168,0.000670494,0.099157034,0.097071765,7.023617945,0.021132428,0.004556614,1,188,,Rd,,,There may be a cohesive lobe within the Rd ejecta.,CpxCPt,Terraced,Slump Deposits,,,2,2,3
11-1-012501,-27.61601633,81.32779782,-27.61578758,81.32772007,10.10472001,0.249324433,10.62826756,9.535083643,0.441738747,1.114648592,102.5985472,0.000301308,0.0003307,0.043094321,0.04266056,1.858589637,0.011001539,0.006730275,1,64,,Rd,,,,CpxFF,,Floor Deposits,,,2,2,1
10-0-004124,11.29091836,55.13645239,11.29088396,55.13655008,30.20891164,0.738917972,30.79794416,29.46195489,0.291335868,1.045346253,92.79625853,0.001176836,0.001198623,0.162614967,0.163445548,6.313525873,0.024056984,0.008006001,0.88651413,159,,,,,,CpxFF,Channel S,Slump Deposits / Floor Deposits,,,1,1,1
02-1-000743,39.91968447,222.6004861,39.91974235,222.600511,10.09248279,0.231437177,10.31384379,9.823842046,0.304567138,1.049878829,89.64227192,0.000601402,0.000773525,0.085235081,0.084822035,8.471108972,0.035602013,0.012548018,0.9463442,59,,,,,,CpxFF,,Floor Deposits,,,3,2,2
10-0-011091,33.48704336,48.79457444,33.48985183,48.78430949,40.94938887,0.552912199,42.54056194,40.5499743,0.302317446,1.049089739,163.4901518,0.000778905,0.001800707,0.231168384,0.077640832,2.417980757,0.017316056,0.006044357,0.74821794,192,,,,,,CpxFF,Gullies / Terraced,Ejecta Deposits / Slump Deposits / Floor Deposits,,,1,1,1
08-1-008123,-60.2779138,328.292571,-60.27857584,328.2933582,34.98443872,1.652301911,38.08120694,30.97394528,0.581752812,1.22945936,108.2118147,0.001000319,0.002077671,0.143508781,0.149595154,0.977829159,0.006966406,0.007531644,1,299,,,,,,CpxUnc,,Slump Deposits / Floor Deposits,,,2,1,1
15-1-017171,-16.42463499,140.107435,-16.42449518,140.107379,27.45804346,0.454295421,28.15574034,26.72773256,0.31442649,1.053427943,151.8876188,0.000560772,0.000601819,0.084828543,0.081955278,2.662249175,0.012320114,0.004528437,0.97815514,167,,,,,,CpxFF,,Floor Deposits,,,1,1,1
04-1-001100,-45.6504871,214.0195954,-45.65055885,214.0196587,17.17743788,0.381721784,17.71288866,16.48266447,0.366174042,1.074637458,73.54034084,0.000685469,0.001024781,0.097238902,0.103188585,3.945828602,0.019690166,0.008947936,1,123,,,,,,CpxFF,,Floor Deposits / Slump Deposits,,,1,1,1
11-0-011182,-1.39234159,68.31553195,-1.391824357,68.31556594,15.76187912,0.471444695,15.84224475,15.60149169,0.173674582,1.015431413,70.36748279,0.000852027,0.000842081,0.123221215,0.120857222,24.0159861,0.061300916,0.011146923,0.96654797,92,2,DLEPS,SmSL,,,CpxCPt,Terraced,Ejecta Deposits,,,3,2,3
07-0-000399,-6.961583327,359.9869423,-6.961631888,359.9867595,10.64551926,0.254206169,10.87903544,10.38677553,0.297404692,1.047392947,151.9657003,0.000497715,0.000505274,0.075034128,0.072126219,6.721660972,0.02999807,0.01025109,1,66,,,,,,CpxFF,,Floor Deposits,,,1,1,1
03-1-016475,-27.60599983,208.4392834,-27.59234381,208.4383217,40.40919541,1.41028799,42.96202236,36.29646564,0.535003212,1.183642033,171.0686397,0.001404983,0.001350736,0.172355991,0.207968289,1.250030879,0.009331796,0.008279093,0.82721621,201,,,,,,CpxUnc,,Tectonics,,,1,1,1
05-1-003416,44.99239542,317.1822858,44.98442844,317.16513,28.20907734,0.468988664,28.35397312,25.98967019,0.399771668,1.090970871,127.0377593,0.00101101,0.002535009,0.077942616,0.265775301,2.247190335,0.02225489,0.011552526,0.69602549,209,,,,,,CpxFF,,Floor Deposits,3,,1,1,1
11-1-017758,-40.94318508,28.87998821,-40.94333538,28.87993181,94.27810413,1.194146168,95.17303647,93.35490016,0.194530253,1.019475532,21.29890505,0.001053352,0.001600922,0.181608225,0.153840186,4.097041422,0.012470332,0.00257037,0.94926387,596,,,,,,CpxFF,Gullies,Floor Deposits / Slump Deposits,,May be CpxCPt,2,1,2
10-1-002983,35.05588464,67.6611042,35.05594468,67.66114778,13.91844405,0.314344,14.65167899,13.24685117,0.427282215,1.106049944,20.18713867,0.000328912,0.00045063,0.05349463,0.04736814,1.693309803,0.009776785,0.005652429,0.97651601,89,,Rd,,,,CpxFF,,Floor Deposits,,,2,2,1
13-1-001740,51.06089813,171.6870175,51.06100588,171.6872255,13.75484018,0.3298213,14.00244971,13.46362801,0.274736804,1.040020543,173.1762904,0.000426147,0.000701089,0.064717686,0.062502012,5.351247257,0.022044074,0.006812938,1,176,1,SLERC,HuSL,,,CpxFF,,Slump Deposits,,,4,3,4
07-1-020027,-30.78553733,276.9899203,-30.78548218,276.9899363,18.2452729,0.222156404,18.49024446,17.97097807,0.235325,1.028894721,90.92466542,0.000458105,0.000524936,0.062179853,0.06157649,6.455124831,0.019271623,0.004939684,0.87346607,103,2,Rd/DLEPS,HuBL,,,CpxFF,Terraced,Ejecta Deposits / Floor Deposits / Slump Deposits,,,3,2,3
07-1-015089,-22.11399844,321.3938964,-22.11382988,321.3939279,15.72815555,0.443732288,17.05888862,14.44713189,0.531756006,1.180780293,33.51196581,0.00055085,0.000657594,0.090842822,0.079277104,1.466480206,0.010313714,0.009028898,1,97,,Rd,,,There may be a cohesive lobe within the Rd ejecta.,CpxFF,,Floor Deposits,,,2,2,1
06-1-000809,41.88691007,318.9133602,41.88712997,318.9130864,20.99033974,0.319082936,21.54080597,20.38162609,0.323621005,1.056873768,75.47193785,0.00046368,0.000623243,0.06744947,0.068242833,2.683421823,0.012681967,0.004844988,0.88514978,114,,,,,,CpxUnc,,Floor Deposits,3,,1,1,1
15-1-023318,-22.35361924,138.7327065,-22.35402647,138.7322136,28.89548195,1.011403321,31.69230521,26.06888491,0.568675488,1.21571388,136.187524,0.000834492,0.000944166,0.131381997,0.117174961,1.009727936,0.007275194,0.007433669,0.96413577,176,,,,,,CpxFF,,Ejecta Deposits / Slump Deposits / Floor Deposits,,,2,1,1
15-1-037152,-35.08233504,146.8433079,-35.08237422,146.8432735,39.85380858,0.720559766,41.0080657,38.51840292,0.343128528,1.06463567,89.77883658,0.000762935,0.000933281,0.109390982,0.111919396,2.082126337,0.010141991,0.00419936,1,270,,Rd,,,,CpxFF,Terraced / Gullies,Landslide Deposits / Slump Deposits / Floor Deposits,,,2,2,1
10-0-011796,37.42325069,45.65097669,37.42290732,45.65236037,33.86550669,0.617105208,34.24867423,33.51392496,0.206025438,1.021923701,10.89828126,0.000867934,0.001592757,0.164014039,0.120284715,10.21402929,0.02781485,0.006115796,0.82436872,185,,,,,,CpxFF,,Floor Deposits,,,1,1,1
10-0-003725,10.22045777,62.67293925,10.22059219,62.67296246,23.98382437,0.408818856,24.19274252,23.72398104,0.195899989,1.019758972,63.73655314,0.00067213,0.000680198,0.097299409,0.096896451,9.717564999,0.028137404,0.005845357,1,134,,Rd,,,,CpxSuPt,Terraced,,,,3,2,4
15-1-008117,-9.52903486,160.6552218,-9.528890285,160.6552144,23.30757841,0.441710567,24.07928924,22.53325164,0.35254759,1.068611385,121.4411537,0.000517915,0.000511355,0.076536116,0.072227199,2.228358828,0.011212828,0.004823834,0.97660518,140,,Rd,,,,CpxFF,,Floor Deposits,,,2,2,1
03-1-017661,-28.72755151,260.8434226,-28.72748451,260.8434238,15.51626583,0.339823676,16.28635707,14.75732634,0.423029621,1.103611636,32.43560388,0.000387366,0.000476139,0.061112611,0.056521725,1.762639812,0.010406737,0.005917444,1,99,,Rd,,,,CpxCPk,Terraced,Tectonics / Floor Deposits,,,2,2,3
05-1-002771,46.75524092,332.1963751,46.75447678,332.1977569,22.68189149,0.545300929,23.297716,21.62944583,0.371598829,1.077129584,59.76410538,0.000845279,0.00093651,0.084642221,0.125535063,3.070169137,0.015881955,0.007375342,0.70519298,223,,,,,,CpxUnc,,Ejecta Deposits / Floor Deposits,,,1,1,1
12-1-010071,-75.06121853,61.51405037,-75.06130914,61.51379855,16.55452751,0.275625534,16.62749298,16.45437186,0.143927323,1.010521284,134.6860233,0.000489086,0.001959589,0.073970919,0.071608774,19.2547734,0.042344099,0.006288869,1,103,,Rd,,,,CpxCPk,,Slump Deposits,,May be Smp,3,2,4
15-1-000689,0.252330926,128.4165182,0.192996922,128.4220343,75.03000189,1.596770915,76.6307783,65.25905003,0.524186259,1.174255192,11.94756497,0.005721326,0.002310274,0.297205524,0.690659979,1.803324943,0.015594662,0.013235765,0.69143736,267,,,,,,CpxUnc,,Floor Deposits,,,1,1,1
04-1-008223,-59.72452258,212.6775848,-59.7246256,212.6811837,43.02607357,1.353327841,43.68259309,42.30133043,0.249481504,1.032652937,162.4230648,0.001072699,0.002379187,0.171873876,0.14648399,5.844958466,0.019701659,0.00541258,0.92691714,374,,,,,,CpxFF,,Dunes / Ejecta Deposits / Floor Deposits / Slump Deposits,,,2,1,1
11-0-001028,-34.0521717,39.50316424,-34.05342908,39.50223741,10.22739901,0.246332537,10.86701676,9.501473646,0.485312853,1.143719087,126.0366914,0.000479133,0.00132205,0.100217835,0.096380404,4.028054996,0.021595044,0.015679564,0.74417669,49,,,,,,CpxFF,,Ejecta Deposits / Floor Deposits,,,1,1,1
11-1-010803,-24.1540038,56.32336963,-24.15380744,56.32408089,13.53520864,0.205640545,13.96061523,13.19577282,0.326450568,1.057961169,10.211076,0.000416304,0.000562903,0.079651871,0.061091531,3.80000797,0.020108658,0.007773377,0.88805795,75,,,,,,CpxFF,,,,,2,1,1
15-1-032597,-30.08524118,171.2189072,-30.08562175,171.218986,30.14783722,1.004906936,31.41330285,28.78120628,0.400696682,1.09145192,54.10745207,0.001064275,0.001227038,0.159383598,0.148309512,2.723745078,0.015149947,0.007892974,1,201,,,,,,CpxFF,,Ejecta Deposits / Floor Deposits,,,1,1,1
03-1-024134,-36.08145202,199.6076171,-36.08176785,199.6068418,18.9270484,0.499637179,19.38765596,18.48055541,0.302301156,1.049084052,168.7186148,0.000869578,0.001307365,0.159524049,0.118885367,7.082894596,0.031392299,0.010957053,0.88115811,114,,Rd,,,,CpxFF,Terraced,Floor Deposits,,,1,2,1
03-1-027462,-39.34300735,198.0748747,-39.34428724,198.0750913,31.44452168,0.517667305,32.16865434,30.77038877,0.291623157,1.045441921,119.7096161,0.000673575,0.000795029,0.101634811,0.088104176,3.012751138,0.013377651,0.004457605,0.9089579,188,,Rd,,,,CpxFF,,Floor Deposits / Slump Deposits,,,1,2,1
15-1-038701,-35.40284729,101.9250563,-35.40274775,101.925055,12.74874511,0.272173892,13.31564094,12.1221516,0.413796588,1.098455239,108.111736,0.00034195,0.000423154,0.049874862,0.049883249,1.949269673,0.011144745,0.006112292,1,87,,,,,,CpxFF,,Slump Deposits / Floor Deposits,,,2,1,1
06-0-002331,15.0667804,354.0100538,15.06680782,354.0101178,15.6980979,0.211346921,15.9484581,15.42634094,0.253779045,1.03384582,10.27858454,0.0004424,0.000472125,0.066282463,0.064655174,5.79837625,0.021760333,0.006102231,1,97,,Rd,,,,CpxFF,,Floor Deposits,,,2,2,1
11-1-018984,-43.25356879,30.28024049,-43.25409287,30.28732951,56.66427314,1.602287802,59.47289337,52.97718825,0.4544373,1.122613248,62.82677505,0.000994557,0.001628545,0.148280717,0.166383629,1.145977229,0.007001799,0.004501675,0.88736027,343,,Rd,,,,CpxFF,Gullies,Ejecta Deposits / Floor Deposits,,,2,2,2
12-1-011301,-65.09599162,82.52992612,-65.09602775,82.52989962,15.12022514,0.218043827,15.2542758,14.95864011,0.195921977,1.01976354,157.9424609,0.000428662,0.001017059,0.062048994,0.062603067,9.789056363,0.028644691,0.00595149,1,95,,,,,,CpxUnc,,Floor Deposits,,,1,1,1
11-1-013437,-28.37914023,80.73152651,-28.3788692,80.7313563,16.07562858,0.365531987,16.33191772,15.77324746,0.259315243,1.035418848,151.9436247,0.000649062,0.000781884,0.0983654,0.094394984,8.174563087,0.030540472,0.008791278,1,103,,Rd,,,There may be a cohesive lobe within the Rd ejecta.,CpxCPt,Gullies,Floor Deposits,,,2,2,2
15-1-026350,-25.06418685,144.1052685,-25.06422284,144.1051644,11.53469605,0.546152412,12.60293616,10.44504951,0.559575982,1.2065942,12.57376233,0.000749257,0.000945668,0.12175925,0.107083083,2.555140091,0.017291637,0.016997259,1,75,,,,,,CpxFF,,Floor Deposits,,,1,1,1
11-0-011485,-1.365133455,32.0872459,-1.365425411,32.0871466,42.59493739,1.509856392,44.1362046,40.64306577,0.389904077,1.085946736,12.26962051,0.001557238,0.001571873,0.220836707,0.220483135,3.149918499,0.016050247,0.00801429,0.99706632,262,,,,,,CpxFF,,Slump Deposits / Floor Deposits,,,2,1,2
06-0-000466,27.95074913,358.2306825,27.95038865,358.2319674,16.53431487,0.383837862,17.37127831,15.53084049,0.447961541,1.11850214,101.7193816,0.000465166,0.000577697,0.065068121,0.069690765,1.919241026,0.010429947,0.006537825,0.86565667,91,,,,,,CpxFF,,Floor Deposits,,,1,1,1
15-1-029521,-26.56588593,153.9420917,-26.57017393,153.9406224,12.24261636,0.229106604,12.57465732,11.35161199,0.430192279,1.107741995,172.741767,0.000773363,0.000662871,0.055177948,0.111528988,3.159779889,0.020383799,0.011919653,0.71475983,53,,,,,,CpxFF,,Floor Deposits,,,1,1,1
15-1-026826,-25.11353444,171.1920555,-25.11467203,171.1919116,33.81600327,1.321648889,35.98313454,31.37378165,0.489679682,1.146917351,105.2103939,0.001126605,0.001188519,0.160285952,0.15538445,1.638617425,0.010341306,0.007639832,1,222,,,,,,CpxFF,,Ejecta Deposits / Floor Deposits / Slump Deposits,,,1,1,1
12-1-002976,-51.16044555,66.61255623,-51.16029598,66.61276024,41.36302499,0.847128884,41.75164777,40.89145676,0.201942227,1.021035959,177.7089828,0.000884236,0.001526209,0.138512517,0.125782131,7.362563113,0.021489508,0.004619306,0.99221754,332,2,DLERS,HuBL,,,CpxSuPt,Terraced / Gullies,Slump Deposits,,,3,2,3
09-3-000574,56.92647708,49.52089113,56.92663641,49.52095303,17.85001118,0.252129017,17.99980186,17.70086949,0.181491773,1.016888005,9.706576065,0.000444956,0.000880969,0.069429985,0.057916464,11.07050986,0.026951476,0.005143502,0.87899667,127,,,,,,CpxFF,,Floor Deposits,,,2,1,1
16-1-005680,-54.75803758,172.1722054,-54.75779745,172.172385,10.87190557,0.512329543,11.82958403,9.719571182,0.570017515,1.217089088,109.8157003,0.000627783,0.001081969,0.092001043,0.090023305,2.002136233,0.014323387,0.01471977,0.96057862,85,,,,,,CpxUnc,,Ejecta Deposits / Floor Deposits,,,1,1,1
06-1-018096,0.831011794,306.8558646,0.831245759,306.8558415,16.50385542,0.278173825,16.8700937,16.11740038,0.295369875,1.046700665,38.54130298,0.000647866,0.000650137,0.096055394,0.090322804,5.9258476,0.024687923,0.008362156,0.95571482,83,,Rd,,,,CpxFF,,Floor Deposits,,,1,1,1
04-1-000525,-44.12191276,244.3443344,-44.12210182,244.3443262,27.27322487,0.458940447,27.33777865,27.16404644,0.112559583,1.006395668,154.4348135,0.000578464,0.000889629,0.091408723,0.084365793,24.01281933,0.040029857,0.00459275,1,199,1,SLEPS,SmBL,Small-Crown,There may be additional lobes here.,CpxCPt,Terraced,Slump Deposits,,,3,2,3
16-1-008526,-60.85504837,115.5048907,-60.83410312,115.4502353,27.81347944,0.812355512,29.16336343,22.17078644,0.649657125,1.315395983,46.35713964,0.000608216,0.001620655,0.072842971,0.127884352,0.511494497,0.005591881,0.008268214,0.70968461,166,,,,,,CpxFF,,Floor Deposits / Fractured / Slump Deposits,,,1,1,1
10-1-003874,33.21415714,56.10113238,33.21430387,56.10115491,35.05158772,0.734533763,36.10727902,33.83511022,0.349136911,1.067154171,122.6809616,0.00091374,0.001129338,0.136647655,0.135935754,2.725347411,0.013881594,0.005890018,1,220,,Rd,,,,CpxSuPt,Terraced,Slump Deposits,,,2,2,2
10-1-000077,43.39726473,25.6851078,43.39729097,25.68511392,10.83246078,0.159657923,11.1047323,10.5135578,0.321929238,1.056229728,97.13354735,0.000241774,0.000346052,0.034823342,0.036977347,2.824602253,0.013120122,0.004977066,0.96837246,73,,,,,,CpxFF,,Floor Deposits,,,2,1,1
14-1-003775,25.80175787,175.9436468,25.80173338,175.9434651,12.86334989,0.337747128,13.0275343,12.63625301,0.24324431,1.030964978,168.2745594,0.000780647,0.000910356,0.118449956,0.112150798,13.92629219,0.049144642,0.013099376,1,77,,,,,,CpxFF,,Floor Deposits,,,2,1,2
07-0-001240,-17.34720904,357.4248118,-17.34715009,357.4247974,19.80575096,0.25932149,20.59331344,19.02706704,0.382527916,1.082316754,142.9749188,0.000257702,0.000279516,0.039089448,0.037024318,1.134971001,0.006066445,0.002942121,0.97725284,122,2,Rd/DLERS,HuSL,,,CpxCPt,Terraced,Slump Deposits,,,3,2,3
11-0-007459,-9.375108217,83.85323811,-9.375420295,83.85355868,93.36261314,1.883793835,95.54674134,91.00530581,0.304635637,1.049902975,105.7835016,0.001436136,0.001389352,0.209872198,0.200318886,2.07011827,0.009260481,0.003264839,0.99576563,562,,Rd,,,,CpxCPk,Gullies,Floor Deposits,,,2,2,2
12-3-000172,-76.5058434,25.90945381,-76.50575562,25.91026398,17.33506855,0.267768635,17.59715092,17.03266303,0.251252294,1.033141493,35.8593858,0.000578713,0.002489125,0.084415073,0.083413365,6.980225372,0.025562133,0.007082499,1,102,,,,,,CpxFF,,Floor Deposits,,,2,1,1
11-0-009263,-6.56692657,52.62626362,-6.566692068,52.62627914,14.29480935,0.293856584,14.50163562,14.02878556,0.253278792,1.033705701,16.86988993,0.000682056,0.000692119,0.098103584,0.097496995,10.02595079,0.035836097,0.010025597,1,84,,,,,,CpxUnc,,Floor Deposits,,,1,1,1
04-3-000219,-73.25840153,248.23177,-73.25854517,248.2317966,13.48245498,0.269530984,14.26174402,12.70295629,0.454588716,1.122710627,70.83493139,0.000265157,0.000840745,0.037794653,0.034790867,1.125688017,0.006651008,0.004278678,0.94386476,77,,,,,,CpxFF,,Floor Deposits,,,2,1,2
10-0-004268,12.03610536,52.94114505,12.03567826,52.9411355,18.2022294,0.460236448,18.76201827,17.6172306,0.343961457,1.064981136,133.9764137,0.000698606,0.000703279,0.105875783,0.098733274,3.994758697,0.020386751,0.008470003,0.96778762,105,,Rd,,,,CpxSuPt,Terraced,Slump Deposits,,,2,2,3
11-0-003099,-22.96937824,15.75753487,-22.97014894,15.75678254,152.8951313,3.33699058,155.6870061,149.7052209,0.274531402,1.039957091,148.4048922,0.002032494,0.002286376,0.30422646,0.28866627,2.385727682,0.009246199,0.00285497,0.99700737,934,,Rd,,,,CpxCPk,Gullies / Terraced,Floor Deposits / Slump Deposits,,,2,2,2
16-1-003944,-50.75860863,94.27073538,-50.75831624,94.27070011,13.59366258,0.467669738,14.50671196,12.50235032,0.507193649,1.160318787,69.98473032,0.000555217,0.000890808,0.080892642,0.081915088,1.878753661,0.012599514,0.009982965,1,104,,,,,,CpxFF,,Floor Deposits,,,2,1,1
11-0-009370,-6.268841137,69.64603047,-6.268010381,69.64588086,35.38994943,0.630383027,36.35509521,34.43758921,0.320477298,1.055680611,84.65454312,0.000791381,0.000738078,0.116462675,0.107340272,2.649090641,0.012514392,0.004718507,0.96426159,199,,,,,,CpxFF,,,,,1,1,1
08-1-007471,-59.60794865,301.4267454,-59.61835852,301.4182521,10.3686851,0.348083201,12.23943607,9.790590396,0.600104398,1.25012237,76.86174044,0.001160843,0.001399592,0.165640356,0.046533535,1.41816879,0.015294263,0.017931348,0.72369307,58,,,,,,CpxUnc,,Floor Deposits,,,1,1,1
03-1-006525,-14.77378072,180.1436111,-14.77402575,180.143579,13.27277746,0.35501969,14.0694415,12.4548358,0.465134082,1.129636852,139.1006858,0.000583152,0.000617631,0.087921915,0.081362441,2.505862238,0.01523091,0.010212229,0.97335029,79,,Rd,,,,CpxFF,,Floor Deposits / Landslide Deposits / Slump Deposits,,,3,2,3
08-1-003409,-51.9581454,278.6113741,-51.9588878,278.61227,199.091374,3.122204987,201.1802419,196.8017193,0.20749621,1.022248396,39.87038128,0.001494807,0.002604173,0.227820709,0.216664624,2.4500473,0.007283864,0.001614512,0.95725662,1362,,Rd,,,,CpxPkRg,Terraced,Dunes / Slump Deposits / Floor Deposits,,May be CpxFF,3,2,2
07-0-000267,-4.80957057,356.5741562,-4.795040177,356.5766173,15.91052636,1.25810132,20.91684125,13.08642735,0.780111342,1.598361469,88.55573147,0.001607992,0.000743198,0.230391702,0.095752203,0.821136497,0.006634959,0.021135857,0.84708154,84,,Rd,,,,CpxFF,,,,,2,2,2
15-1-003108,-3.441915455,136.9248885,-3.439142866,136.9232941,23.90194936,0.653809153,24.59954547,22.67574517,0.387676981,1.084839562,44.04543765,0.001912232,0.001087406,0.162196769,0.22959724,5.319884767,0.026482996,0.013107917,0.77796358,108,,,,,,CpxUnc,,Floor Deposits,,,2,1,1
11-0-009422,-5.68749682,77.71640936,-5.687222179,77.7167437,26.71980096,0.415441108,26.99602258,26.35020241,0.217424192,1.024509116,134.0989895,0.000700154,0.00070172,0.100507541,0.107543426,7.07272454,0.024206949,0.005659726,0.93325871,147,,,,,,CpxFF,Terraced,Floor Deposits,,,1,1,1
10-0-004985,14.03229639,15.7775508,14.03231284,15.77742483,16.58895141,0.28008023,16.93984895,16.21941974,0.288528419,1.044417693,19.3289236,0.000496683,0.000531341,0.075109974,0.071776526,4.757498484,0.019904257,0.006542703,1,101,,Rd,,,,CpxFF,,Slump Deposits,,,2,2,2
15-1-038448,-35.56342146,127.2494494,-35.55866847,127.2462172,22.0082583,0.336618636,22.58281007,20.76832832,0.392734066,1.087367732,20.30061584,0.000677755,0.000732277,0.071404169,0.114228595,1.981058887,0.013662367,0.006898487,0.78146034,113,,,,,,CpxFF,Gullies,Slump Deposits / Floor Deposits,,,1,1,1
11-0-006067,-13.06882464,14.21629489,-13.06892566,14.2163197,11.49928587,0.223047963,11.87028149,11.11190159,0.351704586,1.068249336,171.2630515,0.000419911,0.000450593,0.063286663,0.060675521,3.864975288,0.019014802,0.008152442,1,70,,,,,,CpxUnc,,Floor Deposits,,,1,1,1
15-1-043109,-41.84667501,156.3468934,-41.84671356,156.3481236,14.55369303,0.338831724,15.05255638,13.86932427,0.388631479,1.085312888,108.6359584,0.000607996,0.000880595,0.08894773,0.098740863,3.508414922,0.02021146,0.010041545,0.9140721,95,,,,,,CpxFF,,Floor Deposits,,,1,1,1
03-1-026350,-39.30316832,224.8826202,-39.30334085,224.8823785,57.50034644,1.415450735,59.87520532,54.82242326,0.402064276,1.092166339,110.6994122,0.00113693,0.001462914,0.163735791,0.16248973,1.539193971,0.00840867,0.004404425,0.99307907,360,,,,,,CpxUnc,,Floor Deposits / Tectonics / Ejecta Deposits,,,1,1,1
12-1-002142,-48.27143998,27.68800497,-48.27137028,27.68788751,12.60228591,0.347799182,13.10055963,11.96587505,0.407093354,1.094826712,77.53135795,0.00050522,0.000790405,0.071532409,0.07712118,3.117163162,0.017311043,0.009248119,0.96676612,90,,,,,,CpxFF,,Floor Deposits,,,1,1,1
11-0-007754,-9.836856453,33.35356973,-9.836846681,33.35357969,10.73999657,0.247615254,11.31049766,10.17813504,0.436129475,1.11125443,122.8234826,0.000372542,0.000372269,0.055873643,0.051508524,2.200722144,0.013131185,0.007858866,1,66,,,,,,CpxUnc,,Floor Deposits,,,1,1,1
11-0-007013,-10.69012829,5.899454481,-10.69011605,5.898930659,41.34709971,0.925722395,42.09604586,40.46464302,0.275693139,1.040316749,53.55719018,0.001122544,0.001140181,0.165051387,0.159067263,4.665216277,0.018608016,0.005775942,0.95937794,249,,Rd,,,,CpxCPk,Terraced,Ejecta Deposits / Slump Deposits,,,3,2,3
11-0-001504,-31.6014929,34.94756691,-31.60148383,34.94755614,10.27833403,0.184191179,10.57031618,9.971335597,0.33184561,1.060070246,136.2275196,0.000293733,0.000362554,0.043926468,0.043154977,3.441025154,0.016089651,0.006360432,0.95761502,66,,,,,,CpxFF,,Floor Deposits,,,1,1,1
07-1-007909,-11.6076985,327.7261821,-11.60708787,327.7250998,17.03936355,0.203405539,17.68894837,16.55287389,0.352597981,1.068633065,141.1158508,0.000263017,0.000299024,0.047228298,0.036490194,1.531570357,0.00859884,0.003700032,0.88372356,89,,,,,,CpxFF,,Floor Deposits / Fractured,,,1,1,1
03-1-002770,-8.24700618,205.7835423,-8.247008295,205.7824433,17.69174861,0.340444596,17.91936747,17.49902867,0.215323541,1.024020694,169.5378913,0.000631471,0.000809331,0.12648444,0.093816092,10.27046399,0.039256091,0.009076633,0.8644954,91,,,,,,CpxFF,,,,,2,1,1
05-1-000101,71.92025899,344.8227832,71.92018246,344.8227259,19.88887639,0.274240565,20.07728522,19.66843057,0.200781938,1.020787355,100.915167,0.000370607,0.001173425,0.054351583,0.053332001,6.003329282,0.018313981,0.003911229,1,245,3,Rd/MLEPS,HuSL,,,CpxCPk,Gullies,Dunes,,CTX-Checked,4,3,3
07-0-000727,-11.27849445,342.2119253,-11.27749833,342.2130812,23.11310126,0.263733348,23.39487093,22.61576866,0.255920878,1.034449515,136.2287375,0.000541535,0.000591929,0.070161517,0.098768312,4.245147264,0.019345149,0.005480317,0.83160967,117,,,,,,CpxUnc,,Slump Deposits / Ejecta Deposits,,,1,1,1
03-1-015133,-25.78629584,183.8135325,-25.78761253,183.8170134,11.66709602,0.352770473,12.35995724,10.5640258,0.519126199,1.170004454,47.69819409,0.000409871,0.000657807,0.060202049,0.081153497,1.89136303,0.012799848,0.010642418,0.77719563,56,,,,,,CpxUnc,,Floor Deposits,,,1,1,1
10-0-011929,38.3105927,9.291389377,38.31057182,9.291387632,10.14935521,0.230134925,10.52381127,9.748359719,0.376751,1.079546875,116.6986914,0.000450552,0.000580937,0.066167951,0.063664317,4.042975285,0.020646843,0.009786617,1,69,1,SLERS,HuBL,,,CpxFF,,,,,2,2,2
06-1-005413,29.92004674,278.310035,29.92023403,278.3098685,10.99243359,0.347334878,11.38634587,10.52844112,0.380806007,1.081484499,120.1288666,0.000758676,0.000894357,0.109718309,0.107262484,6.296792783,0.031484479,0.015165656,1,63,1,SLEPC,HuSL,,,CpxFF,Terraced,Slump Deposits,,,3,2,4
07-1-000218,-0.855974255,299.5741067,-0.855908141,299.5741367,13.73985631,0.183847953,14.01541948,13.44643827,0.282038124,1.042314641,136.6568168,0.000403954,0.00032112,0.049394374,0.049683214,4.665981349,0.016664373,0.005322226,0.8602345,70,1,SLERS,HuBL,,,CpxCPt,,Slump Deposits,,,3,2,2
12-1-009484,-78.15352907,58.66022433,-78.15819617,58.62636322,68.32689244,1.653472787,72.92974335,64.76114795,0.459855741,1.126134197,51.89155651,0.002469719,0.004830391,0.298002825,0.185470855,1.76803022,0.008556321,0.00561926,0.61467677,241,,,,,,CpxUnc,,Ejecta Deposits / Floor Deposits / Slump Deposits,,,1,1,1
15-1-003892,-5.946406434,156.7988572,-5.947196958,156.7978942,16.56328131,0.349098636,17.25285866,15.70907378,0.413464912,1.09827345,122.243577,0.000520443,0.000519276,0.075916141,0.081219111,2.136565723,0.0136131,0.007456365,0.8971417,91,1,Rd/SLERC,HuSL,,,CpxFF,,Ejecta Deposits / Floor Deposits,,,3,2,3
04-1-009484,-63.77130537,227.6367272,-63.77139835,227.6352093,19.29542583,0.616736954,19.96519881,18.59641527,0.36389103,1.073604699,24.67261794,0.000705791,0.001829054,0.116742622,0.102362208,3.750143528,0.019146272,0.008621618,0.98363203,211,,Rd,,,,CpxFF,,Floor Deposits,,,1,2,1
11-0-008330,-8.699733161,70.42036038,-8.701869082,70.42497484,25.07206355,0.505240298,26.3077864,24.4642341,0.367752512,1.075357041,143.6347099,0.000782731,0.001289074,0.191721692,0.094035276,3.088295387,0.019374208,0.00886008,0.78620195,117,,,,,,CpxUnc,,Ejecta Deposits / Floor Deposits,,,1,1,1
07-0-002340,-26.9786786,358.5716672,-26.97955254,358.5799818,19.44132509,0.465741112,19.97223411,17.88448244,0.445127313,1.11673537,86.24099016,0.000635364,0.001201747,0.088481707,0.164059162,2.221255818,0.018351153,0.011376231,0.7673713,92,,,,,,CpxFF,,Floor Deposits,,,1,1,1
03-1-023139,-36.14741281,260.3094429,-36.14756968,260.3094123,82.99865983,0.875818001,83.32642969,82.58560633,0.13304958,1.008970369,106.1384572,0.000816457,0.000981919,0.115232825,0.116148829,7.50307905,0.014562215,0.001990106,0.92152774,460,,Rd,,,,CpxUnc,,Tectonics / Floor Deposits / Slump Deposits,,,2,2,1
15-1-011376,-11.88425749,160.5086896,-11.88422629,160.5088224,23.62848259,0.398763566,23.62825275,23.57488511,0.067172702,1.00226375,147.5187548,0.000668469,0.000837293,0.1163893,0.096626515,95.52546861,0.094966552,0.006422581,0.87690103,127,,,,,,CpxFF,,Tectonics / Slump Deposits / Floor Deposits,,,2,1,1
15-1-043212,-41.72604567,167.3511367,-41.72596292,167.3513329,53.51521079,1.373749501,56.1368716,50.98821149,0.418354544,1.100977461,30.18115067,0.00093699,0.001377744,0.149851756,0.134542915,1.294715899,0.007401684,0.004132476,0.99234778,371,,,,,,CpxFF,,Tectonics / Slump Deposits / Floor Deposits,,,1,1,1
11-0-005580,-13.63147494,71.0833011,-13.61872546,71.10796156,20.73225841,0.461966262,24.91407922,20.27700475,0.581036712,1.228686363,25.19740399,0.002992063,0.003398231,0.519722445,0.148076922,2.063513645,0.025196711,0.027156297,0.66105175,76,,,,,,CpxUnc,,Floor Deposits,,,1,1,1
11-3-000044,-7.326055869,56.96658052,-7.326307703,56.96651794,15.28600289,0.147352557,15.53374831,15.05952971,0.245203143,1.031489602,86.59611239,0.000309686,0.000285716,0.046083324,0.041467007,4.125765405,0.015514633,0.004175054,0.92878324,84,,,,,,CpxUnc,,Floor Deposits / Tectonics,,,1,1,1
16-1-002076,-47.33112715,166.5732419,-47.33121474,166.5740546,23.70867212,0.496372178,24.46626058,22.96153741,0.345284584,1.065532335,143.7051504,0.000575026,0.001009393,0.096729485,0.084693064,2.902329863,0.013792605,0.005761338,0.93330711,172,,Rd,,,,CpxFF,,Floor Deposits / Slump Deposits,,,1,2,1
02-1-006890,5.009247052,203.662735,5.009219539,203.6625764,15.16992256,0.398213516,15.88329644,14.43471511,0.417235407,1.100353995,138.5740715,0.000707159,0.000727098,0.108890861,0.100778873,3.28487213,0.019369172,0.01076687,0.93702471,76,,Rd,,,,,,,,,2,2,1
11-0-001518,-31.64783167,31.92974796,-31.75051132,32.0218962,48.59859652,0.659069844,44.05661,32.43136072,0.676840956,1.358457031,35.4182738,0.007299502,0.012498621,0.654955609,1.447541294,2.042388022,0.03766446,0.063908127,0.58267212,117,,,,,,CpxFF,Gullies,Floor Deposits,,,1,1,1
